niche_user Novelty Normal,niche_user Novelty Calibrated,niche_user MRR Normal,niche_user MRR Calibrated,niche_user PL Normal,niche_user PL Calibrated,niche_user KLD Normal,niche_user KLD Calibrated,niche_user NCDG Normal,niche_user coverage,niche_user DPF,niche_user normalized_DPF,niche_user coverage_category_I1,niche_user coverage_category_I2,niche_user normalized_coverage_category_I1,niche_user normalized_coverage_category_I2,blockbuster Novelty Normal,blockbuster Novelty Calibrated,blockbuster MRR Normal,blockbuster MRR Calibrated,blockbuster PL Normal,blockbuster PL Calibrated,blockbuster KLD Normal,blockbuster KLD Calibrated,blockbuster NCDG Normal,blockbuster coverage,blockbuster DPF,blockbuster normalized_DPF,blockbuster coverage_category_I1,blockbuster coverage_category_I2,blockbuster normalized_coverage_category_I1,blockbuster normalized_coverage_category_I2,diverse Novelty Normal,diverse Novelty Calibrated,diverse MRR Normal,diverse MRR Calibrated,diverse PL Normal,diverse PL Calibrated,diverse KLD Normal,diverse KLD Calibrated,diverse NCDG Normal,diverse coverage,diverse DPF,diverse normalized_DPF,diverse coverage_category_I1,diverse coverage_category_I2,diverse normalized_coverage_category_I1,diverse normalized_coverage_category_I2,Learning Rate,learning_rate_factor,batch_size,dropout,max_grad_norm,noise_multiplier,latent_dim,mlp_layer_sizes,num_epochs,step_size,gamma,delta,Test Losses,Train Losses,KLD_test,NDCG_test,recall_test,Total MRR,Calibrated_MRR,NDCG_normal,Calibrated_NDCG,average_recall,average_recall_calibrated,KLD_Normal,KLD_Calibrated,normal_PL,Calibrated_PL,novelty_normal,Calibrated_novelty,Coverage,exposure_I1,exposure_I2,DPF,normalized_DPF,normalized_exposure_1,normalized_exposure_2,PL_per_category,kld_pre_category,ndcg_per_category,epsilon,model_name
0.039908795891567476,0.03835288480922171,0.0267985008818342,0.03235030864197529,1.6295794998354898,1.5171261259061481,0.4594922977744163,0.26175003942605135,0.22530836845456442,0.2907,0.13010522892107207,-0.457233368532207,0.39477726574500765,0.2646720368239356,0.2713833157338965,0.7286166842661035,0.044182832790397336,0.04392062103795201,0.05179256753769291,0.0556653918144169,0.12444845433146841,0.11699943425535357,0.25565068600961066,0.1825950620985716,0.41354310233746794,0.3769,0.2776360702044654,-0.36482084690553745,0.5990783410138248,0.32144227080935944,0.31758957654723124,0.6824104234527687,0.051692702750913665,0.05107176057654735,0.04604396732249377,0.04804673242186833,0.9527762626787274,0.9268668060668607,0.30657086967536534,0.2084417793898879,0.36538528835042877,0.5359,0.22675568612685798,-0.46506300114547533,0.717357910906298,0.49060222477944,0.2674684994272623,0.7325315005727376,0.0005,0.2,256,None,2.0,0.4,5,None,400,None,None,1e-05,0.4781634713678414,0.346531830882916,0.3066057614123048,0.3656234921433288,0.0975133658629722,0.045921886254778034,0.048469816821506424,0.3656234921433288,0.39130705642217434,0.0975133658629722,0.10281093906645998,0.3066057614123048,0.20700985807327163,0.7713236653003633,0.7471431702027986,22.22834852233565,22.257296370334036,0.5823,0.7526881720430108,0.5397008055235903,0.2129873665194204,-0.48339483394833943,0.25830258302583026,0.7416974169741697,"{'I2': -0.41108263650275023, 'I1': 0.6161889838662368}","{'I1': 0.28828418138090217, 'I2': 0.8121661079855569}","{'I2': 0.025868571063546297, 'I1': 0.4127305606941193}",35.77060003957092,1M_DPSGD_BPR_50
0.040424475284842415,0.03875357739933538,0.02959512786596121,0.035134149029982346,1.6525856066264935,1.5310582229239234,0.46586614110446384,0.2524237943244041,0.2462283609294706,0.2827,0.18423104049890493,-0.3919652551574375,0.43010752688172044,0.2458764863828155,0.30401737242128124,0.6959826275787188,0.044225852293873526,0.043916446344889636,0.04966312213526702,0.054084169724838274,0.12421670512286892,0.11537615443011426,0.2506881959918163,0.18222225160930056,0.3995301171538498,0.3794,0.328318476133911,-0.32362459546925565,0.642089093701997,0.31377061756808594,0.33818770226537215,0.6618122977346278,0.05273137637969379,0.05218672073342985,0.04790175876189795,0.050119496106781576,0.9903918832107943,0.967468061540488,0.30679326246306843,0.21313599064181663,0.3798721888140615,0.5258,0.281646895366781,-0.4290718038528896,0.7511520737327189,0.46950517836593786,0.28546409807355516,0.7145359019264448,0.0005,0.2,256,None,2.0,0.5,5,None,400,None,None,1e-05,0.47071506241822186,0.3347913689274711,0.3062700891807504,0.37541041517767515,0.10070528874648964,0.04712444859803276,0.04993321398339644,0.37541041517767515,0.40315503678580283,0.10070528874648964,0.10621425768443027,0.3062700891807504,0.2099643298911892,0.7991734220517597,0.776513172810678,22.103256713323525,22.128415033307256,0.5795,0.7880184331797235,0.5274261603375527,0.2605922728421708,-0.4565677966101695,0.2717161016949153,0.7282838983050848,"{'I1': 0.5939298153506655, 'I2': -0.31634224490451823}","{'I1': 0.29000508485407794, 'I2': 0.8671407187664035}","{'I1': 0.4109266915360156, 'I2': 0.03701767511132647}",16.235198917615076,1M_DPSGD_BPR_50
0.034901403274927384,0.033730543410646636,0.026177469135802475,0.02969631834215167,1.2821507322937615,1.1954316842945065,0.4766286726815444,0.26043961294745505,0.22209386893559793,0.2934,0.12089394204543247,-0.46861924686192463,0.3901689708141321,0.26927502876869963,0.26569037656903766,0.7343096234309623,0.03408600729364417,0.03379776601975932,0.037824018805912976,0.04178272980501396,-0.14094537271463636,-0.14942483984894364,0.2450604772300827,0.17127678023690196,0.3141685706282877,0.453,0.1575517173720522,-0.489159891598916,0.5791090629800307,0.42155734560797853,0.255420054200542,0.744579945799458,0.044913065616399704,0.04426717696528807,0.040701926427312414,0.04246010184121483,0.6893433181798567,0.6622342035413671,0.30810463183662806,0.1967596423636614,0.3258931017481044,0.5467,0.14038241600511914,-0.5182481751824817,0.6589861751152074,0.5186037591100883,0.24087591240875914,0.7591240875912408,0.0005,0.2,256,None,2.0,1.0,5,None,400,None,None,1e-05,0.49145668648177715,0.38641834678881165,0.30690723206732046,0.31761303486692766,0.07715777251092276,0.03932261024096085,0.04157827147641679,0.31761303486692766,0.3416933014677706,0.07715777251092276,0.08143001179083655,0.30690723206732046,0.19601100819666,0.5046882226604691,0.4802221425902685,22.909242723765605,22.936998472800738,0.6041,0.7127496159754224,0.5769083237437668,0.13584129223165564,-0.5284552845528456,0.23577235772357724,0.7642276422764228,"{'I2': -0.445623617577771, 'I1': 0.5674681146505004}","{'I1': 0.3030893543410141, 'I2': 0.7591315141921658}","{'I2': 0.02962251444190826, 'I1': 0.3971016529892}",2.0747591440675017,1M_DPSGD_BPR_50
0.03775184201708314,0.036461783179781056,0.02964891975308642,0.03257131834215165,1.475766009868588,1.3822172589238446,0.45528757213911397,0.2614027961211959,0.23336650813078738,0.3082,0.12359846496228694,-0.4721115537848606,0.40706605222734255,0.2834675872650556,0.2639442231075697,0.7360557768924303,0.04194812707853786,0.04170620783782969,0.049191979484458685,0.05304044892485007,0.06398158282277866,0.05689847800864091,0.2516741658943918,0.18268352503972837,0.3899902597365988,0.4055,0.28227618305200997,-0.3777441332323997,0.631336405529954,0.349060222477944,0.3111279333838001,0.6888720666161998,0.05060134832967599,0.05000124545120287,0.04592941320554895,0.048296005354253685,0.9073120956548104,0.8821416326120081,0.29880667745738165,0.20604614950867556,0.36396157555069536,0.5421,0.20756594705145137,-0.477916194790487,0.7081413210445469,0.5005753739930955,0.2610419026047565,0.7389580973952435,0.0005,0.2,256,None,2.0,0.6,5,None,400,None,None,1e-05,0.47234820567730995,0.34314317818303763,0.29972940139446075,0.36081793007157165,0.09388425121967274,0.045540676246208056,0.04820472983275249,0.36081793007157165,0.38468567858259717,0.09388425121967274,0.10012703313349999,0.29972940139446075,0.20517944633336108,0.7186659357502325,0.6957213090391812,22.305300980987028,22.330708770024597,0.5988,0.7741935483870968,0.5550441120061373,0.2191494363809594,-0.48334187596104566,0.2583290620194772,0.7416709379805229,"{'I2': -0.3916357889169591, 'I1': 0.5793466316003826}","{'I2': 0.895910384416003, 'I1': 0.28419000758745105}","{'I2': 0.034878562232893505, 'I1': 0.4076118857032366}",7.416967013292455,1M_DPSGD_BPR_50
0.022056843454875727,0.021061515323866145,0.019602623456790116,0.022655974426807744,0.39548932112523194,0.3238120987820601,0.4076970815622539,0.229949599883139,0.166704497054216,0.3143,0.031460848937369945,-0.568359375,0.33947772657450076,0.3080168776371308,0.2158203125,0.7841796875,0.017339098552944247,0.01727802989908455,0.015021517737395176,0.01927219200896083,-0.5827844709146961,-0.5850661566263178,0.24592684056336453,0.17391141837231147,0.1509550974890745,0.4745,0.04431528727159595,-0.5705045278137129,0.5099846390168971,0.4656693517453011,0.2147477360931436,0.7852522639068564,0.02562605806074935,0.02495232494180511,0.02166645967232796,0.02357310177566639,-0.07017801301372129,-0.09814479322043625,0.27774071141918333,0.16436903951817078,0.19989533947031288,0.5654,0.03827695375265816,-0.5787187839305103,0.5960061443932412,0.557729190640583,0.21064060803474485,0.7893593919652552,0.0005,0.2,256,None,2.0,2.0,5,None,400,None,None,1e-05,0.5699154527753633,0.5239188256082028,0.2798143706341202,0.18918693538227233,0.039702541685931424,0.0203581483935078,0.022751265792835804,0.18918693538227233,0.2119707166689805,0.039702541685931424,0.04322289048696804,0.2798143706341202,0.1699811865465408,-0.18095193731813278,-0.20402830892532123,24.5093774569192,24.535668658932547,0.6123,0.6543778801843319,0.6018411967779056,0.052536683406426254,-0.5729323308270677,0.21353383458646616,0.7864661654135339,"{'I2': -0.5720149140159371, 'I1': 0.2904099238388446}","{'I2': 0.6670175877141253, 'I1': 0.3243436246015435}","{'I2': 0.0312196265997172, 'I1': 0.31523739442110854}",0.7726232114291356,1M_DPSGD_BPR_50
0.03676946500929474,0.03540030327292491,0.02906459435626102,0.03243198853615519,1.415698759384303,1.315374582145207,0.4726770336580595,0.2674873305991811,0.235527987385471,0.299,0.10439104926650866,-0.4887063655030801,0.3824884792626728,0.27809742999616416,0.25564681724845995,0.74435318275154,0.03937305918174663,0.039157795688955936,0.04466349058967444,0.05015147160690335,-0.0009759257149441314,-0.007361971014459482,0.25309666180492324,0.17964909439705243,0.3647415245409539,0.4233,0.19283955461987312,-0.4546773023930384,0.5775729646697388,0.3847334100498657,0.2726613488034808,0.7273386511965192,0.04802133837273261,0.04737863041523213,0.04201766006699727,0.044741464070957825,0.8118247031828445,0.7849131796233034,0.3047867114366628,0.20256611762985596,0.3365503907584299,0.5378,0.1553456751496768,-0.5079908675799087,0.6620583717357911,0.5067126965861143,0.24600456621004566,0.7539954337899544,0.0005,0.2,256,None,2.0,0.7,5,None,400,None,None,1e-05,0.4875727104613835,0.36815796813728996,0.3055767631998823,0.3355556550627547,0.08480693855636436,0.04171730495223389,0.04497252848362501,0.3355556550627547,0.3656380747428686,0.08480693855636436,0.09114382687121148,0.3055767631998823,0.20234915881025142,0.6318219203269859,0.6075717713914244,22.614345394570062,22.642211302937834,0.5918,0.7219662058371735,0.5592635212888377,0.1627026845483358,-0.5124481327800829,0.2437759336099585,0.7562240663900415,"{'I1': 0.6114149614691178, 'I2': -0.4162255125277841}","{'I1': 0.297228474075201, 'I2': 0.7982238589618985}","{'I1': 0.402512847614617, 'I2': 0.02674917223750477}",4.527821907900405,1M_DPSGD_BPR_50
0.0045517844610797045,0.0046061390280895,0.005858575837742505,0.010469246031746031,-0.7862951682133419,-0.7823277411958887,0.36080937655495776,0.21088398673935138,0.07348704215949045,0.3118,-0.23998486881296194,-0.8464566929133859,0.11981566820276497,0.3598005370157269,0.07677165354330709,0.9232283464566929,0.004435845127982499,0.0045389978695930784,0.0015242221927458703,0.003099659548127514,-0.9174529336025775,-0.9150178413038783,0.2492889263194188,0.18471241747379244,0.02266425896723192,0.4607,-0.3319580922684231,-0.8307794803464357,0.19508448540706605,0.5270425776754891,0.08461025982678215,0.9153897401732178,0.004507854501681788,0.0045306012499956305,0.0032636969878873773,0.0047704260288481265,-0.8782749179553236,-0.8775776136101919,0.22355120609662918,0.14464885678617936,0.04919435399462531,0.5494,-0.3007570896505155,-0.7754189944134078,0.3087557603686636,0.6095128500191791,0.1122905027932961,0.8877094972067039,0.0005,0.2,256,None,2.0,3.0,5,None,400,None,None,1e-05,0.7850718361534965,0.8047490237858591,0.2363257119006939,0.04591056058535879,0.00862844720395677,0.0031081391925214434,0.00481218815228424,0.04591056058535879,0.061824275607943346,0.00862844720395677,0.010462506495379732,0.2363257119006939,0.15574410382885925,-0.8849145309079153,-0.8836846152977025,26.402077187478625,26.395509385134925,0.593,0.34408602150537637,0.6551591868047564,-0.31107316529938,-0.7681159420289856,0.11594202898550725,0.8840579710144928,"{'I1': -0.541062313377543, 'I2': -0.5833563440027907}","{'I1': 0.533549933935476, 'I2': 0.5418246951890036}","{'I1': 0.0723136910263402, 'I2': 0.04023568876447551}",0.4809092798348328,1M_DPSGD_BPR_50
0.03747064661554341,0.036096385019661587,0.026777998236331573,0.03304045414462082,1.459418928842992,1.3585369445747406,0.45284361043200605,0.25106369300309855,0.22081616981221647,0.302,0.10823394653529406,-0.48577235772357724,0.38863287250384027,0.2803989259685462,0.2571138211382114,0.7428861788617886,0.038401047974783234,0.03824016126105696,0.044829074000383246,0.0479110108915123,-0.02881628773521686,-0.03373375400287305,0.25629049482570304,0.17867612343207862,0.35887374230028973,0.4297,0.24045506691484636,-0.42142857142857143,0.6221198156682027,0.3816647487533564,0.2892857142857143,0.7107142857142857,0.047747259661925646,0.04707909861352574,0.04279343172464248,0.04479166882285785,0.7973605961345542,0.7692915145035938,0.30450038796596973,0.1990218019879536,0.3428824347695142,0.5583,0.20259351374092083,-0.4843320505772402,0.7204301075268817,0.5178365937859609,0.25783397471137987,0.7421660252886201,0.0005,0.2,256,None,2.0,0.8,5,None,400,None,None,1e-05,0.48341513913038503,0.3628769572695188,0.3047457515260403,0.3384569267910475,0.08513965821844079,0.04220165144560651,0.044647431347497775,0.3384569267910475,0.36301448018551685,0.08513965821844079,0.0898148156278047,0.3047457515260403,0.19849559876847278,0.6159584493816816,0.5912149614621625,22.5809281629805,22.608652212659855,0.6065,0.7649769585253456,0.5669351745301112,0.19804178399523442,-0.4959514170040486,0.2520242914979757,0.7479757085020243,"{'I1': 0.5589731185089328, 'I2': -0.35169865217895935}","{'I1': 0.29661178822552325, 'I2': 0.8083040352702923}","{'I1': 0.39312279908187064, 'I2': 0.035899815893931465}",3.238399918639728,1M_DPSGD_BPR_50
0.04045453129090028,0.03893600733187385,0.029071538800705475,0.033163470017636656,1.6677863386226524,1.5550766219554113,0.47304577623865357,0.25769019322931486,0.23803052746093778,0.2864,0.13547538618996352,-0.4490889603429797,0.39477726574500765,0.25930187955504413,0.2754555198285102,0.7245444801714899,0.041064675284210456,0.040806164380303545,0.047009624029122746,0.04990615466242214,0.04364830760140112,0.03615053908788519,0.2518517851965532,0.1805379530664186,0.37193119308018163,0.4153,0.2431260042529948,-0.4131559497413156,0.6098310291858678,0.36670502493287305,0.2934220251293422,0.7065779748706578,0.050281054461995274,0.04960391580925369,0.04482844481703437,0.04663427205265946,0.8996073344455032,0.8710886781012817,0.31188496971010016,0.20574247917216545,0.3521388280487007,0.5421,0.16533296565962963,-0.5028312570781428,0.674347158218126,0.5090141925584963,0.24858437146092865,0.7514156285390714,0.0005,0.2,256,None,2.0,0.6,5,None,400,None,None,1e-05,0.478059216512908,0.35323286799855924,0.3107856240044342,0.3488657887852542,0.09053421996702628,0.04427803803424886,0.04641471737198817,0.3488657887852542,0.3756869463189222,0.09053421996702628,0.09641338119748089,0.3107856240044342,0.20434398669861203,0.7143306198626922,0.6882458083238295,22.402850781007785,22.431329353653158,0.5982,0.7311827956989247,0.5650172612197929,0.16616553447913185,-0.5115443817342227,0.24422780913288866,0.7557721908671113,"{'I1': 0.6248718041487753, 'I2': -0.42370271735512777}","{'I1': 0.294249717517306, 'I2': 0.8578329042811488}","{'I1': 0.40494843951011544, 'I2': 0.028300981729631258}",7.4169670132933625,1M_DPSGD_BPR_50
0.0363573575065803,0.03498848270068222,0.026905753968253964,0.02936552028218696,1.3802116385739962,1.2802340471795108,0.46613641802182315,0.26038212701358143,0.21592621298234493,0.3069,0.1520083292235191,-0.44199999999999995,0.42857142857142855,0.27656309934790946,0.279,0.721,0.03505662349381935,0.034683042428559914,0.038039306716187,0.04245556439846138,-0.11569264677593848,-0.12645276425682545,0.255071337680775,0.17396558667590015,0.3151178867728239,0.4503,0.16292364230298084,-0.4846625766871166,0.5806451612903226,0.4177215189873418,0.25766871165644173,0.7423312883435583,0.04416656136190205,0.04349592145569908,0.039506197755491405,0.04132935214221903,0.6584207690625191,0.6301246117149935,0.30402810064223185,0.1969053484245823,0.3156229200114858,0.5586,0.15421790676996883,-0.512087912087912,0.6820276497695853,0.5278097429996165,0.24395604395604395,0.756043956043956,0.0005,0.2,256,None,2.0,1.0,5,None,400,None,None,1e-05,0.4925538678876524,0.3869393267156162,0.30496095267057965,0.30958868097065606,0.07469296244251615,0.038493279336687794,0.04081692271697253,0.30958868097065606,0.33600686190836915,0.07469296244251615,0.0785748350783659,0.30496095267057965,0.19659821309644532,0.49173669735484654,0.46542400676022827,22.905530340852753,22.932833776727097,0.6056,0.7419354838709677,0.5715381664748753,0.17039731739609243,-0.5103902686264572,0.24480486568677143,0.7551951343132286,"{'I1': 0.5484177806076643, 'I2': -0.43001024650677605}","{'I2': 0.7821317799124287, 'I1': 0.30639899867022613}","{'I1': 0.3851201392691874, 'I2': 0.026259210953266544}",2.0747605111122196,1M_DPSGD_BPR_50
0.03614392925981437,0.03474737331979542,0.026838183421516747,0.0302280643738977,1.3660526259183354,1.2672141902621727,0.448691495583743,0.25800128731776517,0.21073436973000179,0.2916,0.10015926634954814,-0.4905263157894737,0.3717357910906298,0.2715765247410817,0.25473684210526315,0.7452631578947368,0.03579388702166447,0.035534838663652486,0.03970140454820116,0.044761573152938064,-0.09665832328034897,-0.10423477953706764,0.24876116120354913,0.1720155876007188,0.3285724846468117,0.4472,0.1514020211447733,-0.4921070693205216,0.5683563748079877,0.4169543536632144,0.2539464653397392,0.7460535346602608,0.045646762283898905,0.04497330827336128,0.04048639357213592,0.041472143736868916,0.7155566279178818,0.6873430568936285,0.3033535247022691,0.19649106153059814,0.32708654276902666,0.5417,0.17915431512818203,-0.4946175637393768,0.685099846390169,0.5059455312619869,0.2526912181303116,0.7473087818696884,0.0005,0.2,256,None,2.0,1.0,5,None,400,None,None,1e-05,0.4910204649954765,0.3800491885647029,0.3022812646872326,0.3204143958840193,0.0758386785609093,0.03953263589856842,0.04138848141663657,0.3204143958840193,0.34303413757154966,0.0758386785609093,0.08103545509878272,0.3022812646872326,0.1957927501461828,0.5372079641962013,0.5117734881721329,22.81749329063581,22.848347161939724,0.589,0.7188940092165899,0.556578442654392,0.1623155665621978,-0.5122459614382491,0.24387701928087546,0.7561229807191245,"{'I1': 0.5627457402603956, 'I2': -0.4969350746671097}","{'I1': 0.2963596039138366, 'I2': 0.8065366966696508}","{'I1': 0.39279694788929076, 'I2': 0.029794201161452108}",2.0747591440679827,1M_DPSGD_BPR_50
0.036970269927568314,0.03549568768711316,0.024661926807760137,0.03179475308641973,1.4207824543956238,1.3141327585246134,0.4402883312642607,0.23965385688289056,0.20765877004028183,0.2922,0.1377857204725314,-0.44957983193277307,0.402457757296467,0.2646720368239356,0.27521008403361347,0.7247899159663865,0.035486213878287126,0.035211513573543,0.039006020545017825,0.043070846413464876,-0.1049260582635381,-0.11312123141335714,0.2569999786218008,0.17747077049403362,0.3132543741539386,0.4469,0.20169730908808087,-0.45604395604395603,0.6082949308755761,0.4065976217874952,0.27197802197802196,0.728021978021978,0.045285899912053826,0.04453701630972996,0.040467850329293606,0.0421103417821523,0.7028644155695482,0.6713032086648846,0.30129287026133517,0.19375627211185392,0.3208985337750901,0.5608,0.12849665646725672,-0.5270935960591132,0.663594470046083,0.5350978135788262,0.23645320197044334,0.7635467980295566,0.0005,0.2,256,None,2.0,1.0,5,None,400,None,None,1e-05,0.48814444470164947,0.3831086823454355,0.30167957474382523,0.3127834170383376,0.07558756846028715,0.039264716320446785,0.04166662723386817,0.3127834170383376,0.3366833562551579,0.07558756846028715,0.08005709238189579,0.30167957474382523,0.1935879457248352,0.527786223394359,0.49952953824452373,22.83427278896115,22.86688912723262,0.6071,0.7403993855606759,0.5738396624472574,0.1665597231134185,-0.512639029322548,0.243680485338726,0.756319514661274,"{'I1': 0.5613182286466305, 'I2': -0.47821559465556673}","{'I1': 0.2952763332551257, 'I2': 0.796499329171053}","{'I1': 0.386116988353992, 'I2': 0.029311507008126153}",2.0747591440675017,1M_DPSGD_BPR_50
0.004152047752901004,0.004103344307783573,0.004231261022927689,0.007467592592592592,-0.8059465856027409,-0.8084158462616998,0.35696583243451524,0.21828835773323682,0.06472559754014635,0.3103,-0.2515047223091323,-0.8595450049455984,0.10906298003072197,0.36056770233985425,0.0702274975272008,0.9297725024727992,0.0043121819278065,0.0043969332830241245,0.00123130093882183,0.0026659518651162093,-0.9201344427813065,-0.9182873515461242,0.2557917504469517,0.19796756048323635,0.020988185015955743,0.4567,-0.34040928446808405,-0.8387096774193548,0.18433179723502305,0.5247410817031071,0.08064516129032258,0.9193548387096774,0.004126146026968892,0.0041434813037190075,0.002954550943031707,0.004089354281160417,-0.8898427534512853,-0.8892489533862623,0.22592274473000185,0.15533571351814482,0.04364810818338424,0.5439,-0.3591217547934575,-0.8115124153498872,0.2565284178187404,0.6156501726121979,0.09424379232505643,0.9057562076749436,0.0005,0.2,256,None,2.0,4.0,5,None,400,None,None,1e-05,0.8746038247546647,0.9152098974876903,0.23906359115775597,0.04086294073010731,0.00821275752981294,0.0027232947943448107,0.004036880182126972,0.04086294073010731,0.05402999860287687,0.00821275752981294,0.009904111916374081,0.23906359115775597,0.1666933569594891,-0.8945623924721572,-0.8937601022797638,26.546331162056926,26.540410469028508,0.5816,0.28417818740399386,0.6559263521288837,-0.37174816472488986,-0.804749340369393,0.09762532981530343,0.9023746701846965,"{'I2': -0.6230279225927904, 'I1': -0.5742145587112871}","{'I2': 0.53446453856617, 'I1': 0.4810542975068214}","{'I2': 0.03729358190587513, 'I1': 0.05509849454870734}",0.34955979659623726,1M_DPSGD_BPR_50
0.019077442035971785,0.017968829680291988,0.019655423280423277,0.023258377425044094,0.18480828734890878,0.10795581901659529,0.42670038794494614,0.22265114135837133,0.17076966766755483,0.318,0.03261689990967248,-0.5675675675675675,0.34408602150537637,0.3114691215957039,0.21621621621621623,0.7837837837837838,0.014960862471039208,0.014966520007359778,0.013456912941592592,0.016347143004524622,-0.6457488154658741,-0.6463402677461982,0.24738720752945867,0.1721613788563756,0.13539389997282206,0.4761,0.027039926182433338,-0.5822050290135397,0.4976958525345622,0.4706559263521289,0.20889748549323017,0.7911025145067698,0.02168017446464271,0.02097441446287231,0.018407816796210653,0.02024868644842565,-0.2266933245202057,-0.25571905795552774,0.2696303503636493,0.15616702569854693,0.17197317738593706,0.558,0.05324198055925289,-0.5698569856985698,0.6006144393241167,0.5473724587648638,0.21507150715071507,0.7849284928492849,0.0005,0.2,256,None,2.0,2.0,5,None,400,None,None,1e-05,0.5911133204903207,0.5566094097974578,0.27502772510641904,0.16537676379326693,0.03468611427939446,0.01759910776720984,0.019732211864540435,0.16537676379326693,0.18733316645794926,0.03468611427939446,0.037987229387764054,0.27502772510641904,0.16298388558402527,-0.31625256867395346,-0.33984623866010405,24.854820287119686,24.881152158255155,0.6083,0.6405529953917051,0.6003068661296509,0.040246129262054176,-0.5792129162462158,0.21039354187689202,0.7896064581231079,"{'I1': 0.09369414412900343, 'I2': -0.5971357340898943}","{'I1': 0.34609653262954704, 'I2': 0.6449479107131662}","{'I1': 0.2749830177143902, 'I2': 0.02491516191901908}",0.7726232114291832,1M_DPSGD_BPR_50
0.03618346485654389,0.03478127666968975,0.024916556437389752,0.029271494708994705,1.3721342265879106,1.2676667136668338,0.46053633500047375,0.24967421805908868,0.20748314970371579,0.3002,0.10477639959060947,-0.4887525562372188,0.38402457757296465,0.2792481779823552,0.2556237218813906,0.7443762781186094,0.03425237170078661,0.03398014482120087,0.0388754403030169,0.04282685590485034,-0.13686974450666237,-0.14499045765386706,0.25830629699502433,0.17637115305465537,0.3184445155737339,0.4405,0.14640307290368543,-0.49407665505226483,0.5576036866359447,0.4112006137322593,0.2529616724738676,0.7470383275261324,0.0443894517958404,0.04365978518623085,0.038333385081918,0.04027876100088666,0.6678765950287909,0.6369980234953209,0.3046809301531284,0.19109026616116512,0.31411953671240933,0.5445,0.125790365888365,-0.5264937993235626,0.6451612903225806,0.5193709244342156,0.23675310033821872,0.7632468996617813,0.0005,0.2,256,None,2.0,1.0,5,None,400,None,None,1e-05,0.49977729428360945,0.39077176909615574,0.30570154390499427,0.3085330681649626,0.07452418915240261,0.037630128235461135,0.04007698596718148,0.3085330681649626,0.3325154408254851,0.07452418915240261,0.07824948131846357,0.30570154390499427,0.19195772854399742,0.49310329379314666,0.46542849782277534,22.912144850280512,22.941437446839082,0.5958,0.6927803379416283,0.5715381664748753,0.12124217146675298,-0.5352910870685215,0.23235445646573932,0.7676455435342607,"{'I2': -0.4114240821857076, 'I1': 0.5594141605669871}","{'I2': 0.7781083919934138, 'I1': 0.30687150759453485}","{'I2': 0.03040228382504039, 'I1': 0.3820365225698188}",2.0747591440679827,1M_DPSGD_BPR_50
0.021904436214728325,0.020724722403831337,0.02024823633156965,0.021716380070546718,0.375846404898059,0.2896563907635015,0.4066529511124811,0.22033537151598936,0.17781373762270164,0.326,0.059117689170772036,-0.5423728813559323,0.37327188940092165,0.3141542002301496,0.2288135593220339,0.7711864406779662,0.016620952764292988,0.016604954976503716,0.015257070640079003,0.018869213423530987,-0.6018444196950787,-0.6029494130363054,0.262984964574725,0.18285859382917904,0.14705275440415538,0.4715,0.0385527090304551,-0.57421875,0.5023041474654378,0.46375143843498273,0.212890625,0.787109375,0.024851936235088357,0.024250322826754874,0.020760272956534667,0.023459694752348513,-0.10173074125144818,-0.12774704666948153,0.27315212229938046,0.16103292990949844,0.1879224823479671,0.5727,0.04634809861432965,-0.5744908896034298,0.6098310291858678,0.5634829305715382,0.2127545551982851,0.7872454448017149,0.0005,0.2,256,None,2.0,2.0,5,None,400,None,None,1e-05,0.5784809565335827,0.5381398118281016,0.27929824179313045,0.18002982830746023,0.03895533328400375,0.019748136143051712,0.0225369485323112,0.18002982830746023,0.20699953920106462,0.03895533328400375,0.0426338981547283,0.27929824179313045,0.16846173398697986,-0.2090515200158454,-0.23090072996626984,24.583296598116313,24.59394065889334,0.6185,0.6574500768049155,0.6087456846950517,0.04870439210986377,-0.5751861042183624,0.21240694789081885,0.7875930521091812,"{'I1': 0.20959735892350645, 'I2': -0.5795900323202026}","{'I2': 0.6960766370199594, 'I1': 0.31670616590224854}","{'I1': 0.2961552652194612, 'I2': 0.025343116647507814}",0.7726232114291356,1M_DPSGD_BPR_50
0.005366439449852144,0.005233853497010477,0.006043650793650792,0.010352182539682541,-0.7314764045004557,-0.7398487414222379,0.36038609003182953,0.2109942333350473,0.08383285504189932,0.3192,-0.17624297575297984,-0.7769230769230768,0.1781874039938556,0.35443037974683544,0.11153846153846154,0.8884615384615384,0.0055874752800563,0.005705950767372454,0.0017676600197491553,0.0027378004745692744,-0.888666506775047,-0.8858912107795839,0.2516395204710803,0.18491577162807593,0.03136517851547598,0.4843,-0.1944817126523946,-0.7287705956907478,0.32872503840245776,0.5232067510548524,0.13561470215462612,0.8643852978453739,0.005182078587956163,0.005279788055690279,0.0034493967839979516,0.004966018429395976,-0.8529310089646747,-0.8495959003880078,0.22794502281399007,0.14812143977962955,0.05199070556566926,0.5519,-0.1886448926056929,-0.7096774193548387,0.4009216589861751,0.589566551591868,0.14516129032258066,0.8548387096774194,0.0005,0.2,256,None,2.0,3.0,5,None,400,None,None,1e-05,0.747074181371742,0.7598410518330918,0.24006787113712824,0.050210228781698514,0.010585066311427227,0.003304100485286318,0.004889706462247066,0.050210228781698514,0.06643925447172201,0.010585066311427227,0.013465802718598945,0.24006787113712824,0.15843308288673907,-0.8577705488726624,-0.8549521529132093,26.381607467219514,26.361849838824625,0.6037,0.4608294930875576,0.6394322976601458,-0.17860280457258815,-0.6949669547534316,0.1525165226232842,0.8474834773767158,"{'I2': -0.6182188222345983, 'I1': -0.4490044783757313}","{'I2': 0.5428592355386653, 'I1': 0.45235058078496837}","{'I2': 0.03313241262524158, 'I1': 0.0923032170827994}",0.48090927983485265,1M_DPSGD_BPR_50
0.018652661717643158,0.017437269712943047,0.020441798941798935,0.023072530864197516,0.15103382375942137,0.06504979932496235,0.4004465862416235,0.2149578957126762,0.1804309142486124,0.3146,0.02531822335823969,-0.5746341463414635,0.3348694316436252,0.3095512082853855,0.2126829268292683,0.7873170731707317,0.013269806876970665,0.013182692924482027,0.010884659032291336,0.014224919308484754,-0.6898425104785415,-0.6929549903560625,0.25063332178144215,0.1740334704984771,0.11202043077698684,0.4693,0.010522892107212245,-0.593198168737737,0.47772657450076805,0.4672036823935558,0.20340091563113147,0.7965990843688685,0.018804557181727168,0.01819765513514243,0.017617840152071882,0.018505112760166007,-0.33816001169649795,-0.36324460256586544,0.2532407573788873,0.14664621859334884,0.1626771704760822,0.5595,0.011010766829468333,-0.594075699396599,0.5683563748079877,0.5573456079785194,0.2029621503017005,0.7970378496982995,0.0005,0.2,256,None,2.0,2.0,5,None,400,None,None,1e-05,0.5977319354497598,0.5725059365427797,0.2615524318161408,0.15470003220218112,0.03061465312737705,0.016585211648974526,0.01801397366940591,0.15470003220218112,0.17426902572127947,0.03061465312737705,0.03355699931636685,0.2615524318161408,0.15560419707376966,-0.4086604598024864,-0.430323121183144,25.088515551281482,25.109672197209864,0.6068,0.6221198156682027,0.6029919447640967,0.01912787090410606,-0.590288315629742,0.20485584218512898,0.795144157814871,"{'I1': 0.07573603564319194, 'I2': -0.5364205267024698}","{'I2': 0.6195229575194489, 'I1': 0.3307565044379548}","{'I1': 0.27280771454493735, 'I2': 0.029428576845692316}",0.7726232114291832,1M_DPSGD_BPR_50
0.004625510633367854,0.004416880518569939,0.005748567019400352,0.00752391975308642,-0.7794700428167441,-0.7910440482200577,0.3493326312777303,0.21773141187705633,0.07721077888895393,0.3183,-0.25571882860572126,-0.8572806171648988,0.11367127496159754,0.3693901035673188,0.07135969141755062,0.9286403085824494,0.004795385256627064,0.004878195426825889,0.001952513595967635,0.0026951334541863783,-0.9095476626645583,-0.9076659729808844,0.25435760071842894,0.19493217482780426,0.02910660777478606,0.4693,-0.31390319222087293,-0.8142576847612819,0.21812596006144394,0.5320291522823168,0.09287115761935906,0.907128842380641,0.004532535573519638,0.004548715768101532,0.00276199445945153,0.0041173243911779055,-0.8765475289222958,-0.8760213234891807,0.2237971195959841,0.15549286866586412,0.04194511900973892,0.5503,-0.3460605000008838,-0.8014500836586727,0.27342549923195086,0.6194859992328346,0.09927495817066369,0.9007250418293363,0.0005,0.2,256,None,2.0,5.0,5,None,400,None,None,1e-05,0.9436745673032447,0.9907250029018423,0.2367329298600288,0.0417577326163095,0.008532110082881588,0.002795673696220235,0.004066757099218195,0.0417577326163095,0.05418466257082188,0.008532110082881588,0.009938511594615293,0.2367329298600288,0.16623848116875228,-0.8815051577226173,-0.8810381295862234,26.462266254019507,26.459029889053422,0.5942,0.31797235023041476,0.6632144227080936,-0.34524207247767885,-0.7861570247933884,0.10692148760330579,0.8930785123966942,"{'I1': -0.5332647785434055, 'I2': -0.6066051462361}","{'I1': 0.4845545065440211, 'I2': 0.5323934391089381}","{'I1': 0.05463829889267048, 'I2': 0.03390136394170396}",0.2746325966162248,1M_DPSGD_BPR_50
0.004087811764682871,0.004007020319512128,0.00545271164021164,0.010483134920634926,-0.8101507372914185,-0.8144255140201297,0.35845066822728533,0.21514502638871041,0.08058894148443901,0.3076,-0.2595705641846924,-0.870259481037924,0.09984639016897082,0.3594169543536632,0.06487025948103792,0.935129740518962,0.004202563799691585,0.004269001016362806,0.0011895182090168163,0.002203946883612622,-0.922488949167559,-0.9210772289325976,0.25361331417696736,0.19010038788566502,0.019703853925724334,0.4506,-0.35193444095036586,-0.8501362397820162,0.16897081413210446,0.5209052550824703,0.07493188010899182,0.9250681198910081,0.004036463726431614,0.0040881535347546795,0.0029676605844830123,0.0041890651790673595,-0.893255871631356,-0.8915562362970195,0.2240198369904798,0.1479753953430527,0.04469112542737087,0.523,-0.3656727103031717,-0.823943661971831,0.2304147465437788,0.5960874568469505,0.0880281690140845,0.9119718309859155,0.0005,0.2,256,None,2.0,3.0,5,None,400,None,None,1e-05,0.7952336026093507,0.8224128247041533,0.2373135226769815,0.04237445142493153,0.007347102139243553,0.0027986574446494943,0.0042102464812799585,0.04237445142493153,0.05595302564465579,0.007347102139243553,0.009019795850181705,0.2373135226769815,0.15949405783805606,-0.89774121738528,-0.8963058144792758,26.46614344265084,26.457430208052497,0.574,0.27342549923195086,0.6490218642117376,-0.3755963649797867,-0.8096256684491978,0.09518716577540107,0.9048128342245989,"{'I1': -0.5696000271750076, 'I2': -0.6203780360704118}","{'I1': 0.4712886381357709, 'I2': 0.5325151522704662}","{'I1': 0.04437774326275236, 'I2': 0.04207402843283239}",0.4809092798348328,1M_DPSGD_BPR_50
0.004114534946276032,0.003958435667663115,0.005812169312169312,0.00984380511463845,-0.8082314364349449,-0.8164899885700061,0.3537451084402058,0.21508419936234388,0.08566173783517722,0.3189,-0.24304822712335983,-0.8440808469682386,0.12442396313364056,0.3674721902570004,0.07795957651588066,0.9220404234841193,0.004371421013316041,0.004430843154932453,0.0013635023802154712,0.0021284137300850384,-0.9191263423519405,-0.9178782960740577,0.2392744660531802,0.18268887333372139,0.024367037856634938,0.4696,-0.32772454168942533,-0.8235294117647058,0.2073732718894009,0.5350978135788262,0.08823529411764706,0.9117647058823529,0.003961035376487947,0.003981772798763678,0.0023837209302325565,0.003662842446259091,-0.8951158975267341,-0.8944689957760545,0.2153513193426438,0.14492295892464815,0.03779557890625196,0.5448,-0.358352821807293,-0.8107042253521126,0.25806451612903225,0.6164173379363252,0.09464788732394366,0.9053521126760563,0.0005,0.2,256,None,2.0,4.0,5,None,400,None,None,1e-05,0.8695967031332975,0.9077144830707773,0.2278698673854345,0.03825422059289912,0.008912319627022124,0.002406156511406591,0.003757669679332493,0.03825422059289912,0.050416726737404376,0.008912319627022124,0.009737543666221525,0.2278698673854345,0.15584245815885522,-0.8981965094431307,-0.8976905022733085,26.549457095196097,26.54445518623263,0.5899,0.3118279569892473,0.6593785960874569,-0.34755063909820955,-0.7887617065556711,0.10561914672216441,0.8943808532778356,"{'I2': -0.6126253528551168, 'I1': -0.5734407765165809}","{'I2': 0.5357796681707195, 'I1': 0.5219741362885852}","{'I2': 0.03718197399276823, 'I1': 0.04987894259855057}",0.3495598019945124,1M_DPSGD_BPR_50
0.005071272353400832,0.0049417406299043995,0.005856591710758375,0.008288910934744266,-0.7508466296008315,-0.7586860090445811,0.35586363403887716,0.2034519627066997,0.07863762047775462,0.3137,-0.1693384878358337,-0.7729941291585127,0.1781874039938556,0.3475258918296893,0.11350293542074363,0.8864970645792564,0.005155191053231202,0.005218807810057184,0.0018851601302854776,0.003961032261867915,-0.8994747687303936,-0.8980864304893006,0.2526383367814581,0.1856321396494258,0.031235220533928697,0.481,-0.20561975114853842,-0.7370772176132738,0.31643625192012287,0.5220560030686613,0.13146139119336311,0.8685386088066369,0.00488989676189363,0.004946314502132037,0.0033420184707948193,0.004995860113225922,-0.863441182101736,-0.8614588756396083,0.22967629363319653,0.14957092627046178,0.05045159530246508,0.5654,-0.2151209345982723,-0.722041259500543,0.3932411674347158,0.6083621020329881,0.13897937024972856,0.8610206297502715,0.0005,0.2,256,None,2.0,3.0,5,None,400,None,None,1e-05,0.7520964480163013,0.765354688737464,0.24129563166180243,0.0487044825892141,0.00968703623945424,0.003232083050731618,0.00500761710226768,0.0487044825892141,0.06674958914880558,0.00968703623945424,0.013057559028357067,0.24129563166180243,0.15921569273720407,-0.86864093274132,-0.8671226358365084,26.40303746460325,26.394520290976043,0.6114,0.45468509984639016,0.6505561948599923,-0.19587109501360211,-0.7028112449799198,0.14859437751004015,0.8514056224899599,"{'I1': -0.4844105504048296, 'I2': -0.6025106881155815}","{'I1': 0.43296894993981777, 'I2': 0.5505101825447803}","{'I1': 0.08653376537693976, 'I2': 0.037990109267937104}",0.48090927983485265,1M_DPSGD_BPR_50
0.0037815385917652697,0.003708732177684605,0.005416666666666666,0.008784611992945323,-0.8267816263482618,-0.8303527684188589,0.3543707239107934,0.22260685623376336,0.07469063155339942,0.3051,-0.2680199887223162,-0.8812877263581489,0.09062980030721966,0.35864978902953587,0.059356136820925554,0.9406438631790744,0.004188625287769616,0.00425087100341161,0.001651707417724131,0.0027646239554317527,-0.9231632306512543,-0.9218723892849631,0.2562081718753585,0.19585966511408393,0.023647358644738388,0.4638,-0.3588300905573261,-0.8477829252150892,0.17665130568356374,0.5354813962408899,0.07610853739245532,0.9238914626075446,0.00390692889301252,0.003930770347457235,0.002619263238150434,0.003886379082532092,-0.8970908695018928,-0.8963306939344615,0.22225160214791637,0.1529939749628654,0.0392961078322507,0.5439,-0.37831856451701285,-0.8227990970654628,0.2411674347158218,0.6194859992328346,0.08860045146726862,0.9113995485327314,0.0005,0.2,256,None,2.0,4.0,5,None,400,None,None,1e-05,0.8898317410519642,0.9280509278579709,0.23618570440546702,0.03861514156273476,0.008176481686069246,0.0026134678780422387,0.003978335620435675,0.03861514156273476,0.052542350738995415,0.008176481686069246,0.010228640844884729,0.23618570440546702,0.16479042834981236,-0.9012146941331621,-0.9004645383979795,26.573595870697762,26.565194260891616,0.5856,0.2780337941628264,0.6624472573839663,-0.38441346322113984,-0.8102725366876311,0.09486373165618449,0.9051362683438156,"{'I2': -0.6077837837168247, 'I1': -0.5840209015860547}","{'I2': 0.531433241341968, 'I1': 0.5434198288900732}","{'I2': 0.037738503114129546, 'I1': 0.052554366340310875}",0.34955980199452963,1M_DPSGD_BPR_50
0.0038188016177194794,0.0037689610690674375,0.004592372134038798,0.007298170194003527,-0.8236381581312027,-0.8260577196879155,0.3419583433479385,0.20727581200184325,0.0659826442230348,0.3149,-0.27069622904657614,-0.8752436647173489,0.09831029185867896,0.3690065209052551,0.06237816764132553,0.9376218323586745,0.004188792114382102,0.004251436945572746,0.0017567906147293337,0.0034425063742612493,-0.9228184540922209,-0.9214866295263447,0.24899125974273642,0.19055887691320283,0.02743866937937239,0.4583,-0.3576846455572466,-0.8499665103817817,0.17204301075268819,0.5297276563099348,0.07501674480910918,0.9249832551908909,0.0038010431074809153,0.0038261201840702926,0.0023976068004540048,0.0036754949752124256,-0.8995379770722298,-0.8987977219714068,0.22211653723339742,0.14715459198729294,0.03693885725979155,0.5356,-0.3852389613924934,-0.8303724928366762,0.22734254992319508,0.6125815113156885,0.08481375358166189,0.9151862464183381,0.0005,0.2,256,None,2.0,4.0,5,None,400,None,None,1e-05,0.8874058163683887,0.9240548188086195,0.23405544520686428,0.03697596573272234,0.008450613825652114,0.0024141613695273824,0.003849929283847813,0.03697596573272234,0.05173033645192221,0.008450613825652114,0.010323803172084926,0.23405544520686428,0.15848119915364656,-0.9027952092016585,-0.9020120695778625,26.671121006377767,26.66157894167955,0.5758,0.2534562211981567,0.6563099347909475,-0.40285371359279076,-0.82409381663113,0.08795309168443496,0.912046908315565,"{'I2': -0.6227958260527444, 'I1': -0.5867665521669606}","{'I2': 0.5403001223415939, 'I1': 0.5288000659756935}","{'I2': 0.03568541889575755, 'I1': 0.04963758277950324}",0.3495598019945124,1M_DPSGD_BPR_50
0.004523681600409842,0.004474361087443828,0.005530533509700176,0.007649029982363316,-0.7863442133800319,-0.7892215298258525,0.34553674176728677,0.22557426879097148,0.06894071509274377,0.3229,-0.2480348017301876,-0.8460076045627376,0.12442396313364056,0.3724587648638282,0.07699619771863118,0.9230038022813688,0.004577228719568655,0.004674298768051668,0.0018458091995696454,0.003360783186688478,-0.9144834203812924,-0.9123738641079269,0.24383048860108464,0.18879719257327002,0.028969900041400595,0.4641,-0.33233813960641234,-0.8293650793650793,0.19815668202764977,0.5304948216340621,0.08531746031746032,0.9146825396825397,0.004371736114934772,0.004378085203322177,0.0027510755080848506,0.004219501971621079,-0.8824422560994067,-0.8822679886890195,0.21784628150245508,0.1536456113239141,0.04178772785808439,0.5448,-0.3429953740284487,-0.8016901408450705,0.27035330261136714,0.6133486766398158,0.09915492957746479,0.9008450704225353,0.0005,0.2,256,None,2.0,5.0,5,None,400,None,None,1e-05,0.9573856953553533,1.003107996607304,0.23009430348664905,0.041120333827926875,0.008236129543595545,0.0027553207989610778,0.004270808687834213,0.041120333827926875,0.056584715051610585,0.008236129543595545,0.010614504358479642,0.23009430348664905,0.16420416874254562,-0.8871961601559493,-0.8866455813087716,26.45700951100139,26.449279355298458,0.5924,0.3225806451612903,0.6597621787495205,-0.33718153358823016,-0.7823834196891191,0.10880829015544041,0.8911917098445595,"{'I2': -0.5921287925445609, 'I1': -0.543093057796927}","{'I2': 0.5220900083178445, 'I1': 0.5136276123970263}","{'I2': 0.03591487008732384, 'I1': 0.05850238585833835}",0.2746326088851967,1M_DPSGD_BPR_50
0.004286652034371034,0.004228983364649673,0.00527524250440917,0.010324074074074074,-0.7989952506438606,-0.8020347431075365,0.37373431917716343,0.22925746102518205,0.07369711443739602,0.3094,-0.26763110307414106,-0.876984126984127,0.09523809523809523,0.3628691983122363,0.061507936507936505,0.9384920634920635,0.00433593252794189,0.0044228829330430095,0.0017142341306686714,0.002486256650602056,-0.9199281462966598,-0.918030667296093,0.252026105437378,0.18883737919143387,0.025248517539817366,0.457,-0.3676684007431251,-0.8576225654801881,0.16282642089093702,0.5304948216340621,0.07118871725990597,0.9288112827400941,0.00422813129419024,0.004223184833772717,0.0029541628286466337,0.004184588926492862,-0.8868570891717769,-0.886945308381042,0.2258825428607687,0.1531865640126863,0.04456070233241067,0.5399,-0.37909103282725165,-0.8249005116543491,0.23655913978494625,0.6156501726121979,0.08754974417282547,0.9124502558271745,0.0005,0.2,256,None,2.0,4.0,5,None,400,None,None,1e-05,0.8804698454910215,0.9123872842258265,0.23936105501196284,0.04285316429600321,0.008461815723869984,0.002871384669579437,0.0042477076399733095,0.04285316429600321,0.05653660663179107,0.008461815723869984,0.010220552655817358,0.23936105501196284,0.16408114017565575,-0.8921306727611662,-0.8918269540642835,26.474101601788405,26.474228140079536,0.5795,0.2764976958525346,0.6551591868047564,-0.3786614909522218,-0.8093220338983051,0.09533898305084745,0.9046610169491526,"{'I2': -0.5988957959926248, 'I1': -0.5285594414179305}","{'I2': 0.54521723457996, 'I1': 0.5679005999935991}","{'I2': 0.03987533487878588, 'I1': 0.05334415738033902}",0.34955979659623726,1M_DPSGD_BPR_50
0.004175322134557573,0.004101600334381712,0.003552469135802468,0.006615740740740739,-0.804069136621843,-0.8083530684483364,0.3555168110757606,0.21939211870383718,0.053650769543741,0.3158,-0.2564895292539229,-0.8600583090379008,0.11059907834101383,0.3670886075949367,0.06997084548104957,0.9300291545189504,0.00455120158472759,0.004635666382585351,0.0017804822331284724,0.002774240615466241,-0.9150092995422806,-0.9131641064763422,0.2540584224158713,0.19130640389229153,0.02817936255007001,0.4681,-0.3450034381026622,-0.8360655737704918,0.19201228878648233,0.5370157268891446,0.08196721311475409,0.9180327868852459,0.004237297139517602,0.004285062275827853,0.0026471902243473617,0.004031585611133537,-0.8862708876352541,-0.8848002056461468,0.22706677422821278,0.15745465023975097,0.04242708813664946,0.5491,-0.36564266004854,-0.8133035215204025,0.2565284178187404,0.6221710778672804,0.09334823923979876,0.9066517607602013,0.0005,0.2,256,None,2.0,5.0,5,None,400,None,None,1e-05,0.9440523821448619,0.9922893337326109,0.23953978157555053,0.04055489947315275,0.008819779551022087,0.0025465701351756313,0.003961386089160198,0.04055489947315275,0.054653496389723756,0.008819779551022087,0.010902117035018232,0.23953978157555053,0.16718565840981675,-0.8906640442599045,-0.8892878301687912,26.495976515423777,26.479291063514967,0.5869,0.29185867895545314,0.6605293440736478,-0.3686706651181947,-0.8012552301255229,0.09937238493723849,0.9006276150627615,"{'I2': -0.6113519196995191, 'I1': -0.519212997714841}","{'I2': 0.5433028323013476, 'I1': 0.5025385804442998}","{'I2': 0.03519546135043842, 'I1': 0.059618333481210005}",0.27463260888520163,1M_DPSGD_BPR_50
0.004941622549101259,0.004863292778371473,0.007559082892416224,0.010057319223985887,-0.7639887724671173,-0.7680693303357357,0.34454498550309137,0.21497722902269636,0.09567950391712642,0.3284,-0.22614407506200077,-0.8205607476635515,0.14746543778801843,0.3736095128500192,0.08971962616822429,0.9102803738317757,0.005290600638161251,0.005333184079753071,0.002304019100676482,0.003464429411504619,-0.8993065219110454,-0.8983849607431184,0.24207187748038414,0.18786767519618863,0.03685323284282256,0.4896,-0.2489946422163653,-0.7630094043887148,0.2903225806451613,0.5393172228615266,0.11849529780564264,0.8815047021943574,0.004942394113428372,0.004968549363454364,0.00364954305999731,0.005097502958294112,-0.8648419517610534,-0.8640310215437956,0.2164835534957359,0.150374520787613,0.0532532827261152,0.5746,-0.2803794816861375,-0.7564102564102564,0.35023041474654376,0.6306098964326813,0.12179487179487179,0.8782051282051282,0.0005,0.2,256,None,2.0,6.0,5,None,400,None,None,1e-05,1.04181415992243,1.0917829803726689,0.22868307990416817,0.05285755332970212,0.011315317114335179,0.003642637633611484,0.005101927212311478,0.05285755332970212,0.06788770993055601,0.011315317114335179,0.013176612277322967,0.22868307990416817,0.1609139547496312,-0.8700368270074634,-0.869357193664826,26.250736868045763,26.246492870048534,0.6157,0.38863287250384027,0.6724204065976218,-0.28378753409378155,-0.7477567298105683,0.12612163509471586,0.8738783649052841,"{'I1': -0.5183934477004083, 'I2': -0.5614441049207112}","{'I2': 0.5280123906103501, 'I1': 0.4953522089742603}","{'I1': 0.06510433235239965, 'I2': 0.043340781453603476}",0.22622001854478552,1M_DPSGD_BPR_50
0.0045398438003473015,0.00450151828353944,0.004075396825396825,0.008820656966490299,-0.7855071758685205,-0.7876363900384278,0.36441364494536604,0.23499365590515028,0.06436360397907018,0.314,-0.2388305855026966,-0.8435972629521016,0.1228878648233487,0.36171845032604527,0.07820136852394917,0.9217986314760508,0.0046120302343036525,0.004657909233253661,0.0018574523588451163,0.0030471916405064043,-0.9137698813064158,-0.9128465945300851,0.25278486848805387,0.1960556951266354,0.02784715583081196,0.4632,-0.3196693057860882,-0.8210735586481113,0.2073732718894009,0.5270425776754891,0.08946322067594434,0.9105367793240556,0.004366445733143507,0.004382077271122572,0.003067578476728661,0.004272665017611775,-0.8825441467923822,-0.882111646764785,0.22022900595844705,0.15323831199267712,0.04381279714062235,0.5586,-0.34105978409775883,-0.7956043956043957,0.2857142857142857,0.6267740698120445,0.1021978021978022,0.8978021978021978,0.0005,0.2,256,None,2.0,5.0,5,None,400,None,None,1e-05,0.943056704837311,0.9855035541835797,0.23463263861490238,0.04219028882183722,0.008248677316725269,0.0029118164324358456,0.004325239094202346,0.04219028882183722,0.056222323877381394,0.008248677316725269,0.01013310753401634,0.23463263861490238,0.16575011150307187,-0.8870674234243486,-0.8865974083076759,26.425589141658577,26.417306404426437,0.5994,0.3102918586789555,0.6716532412734945,-0.361361382594539,-0.7931387608806963,0.10343061955965181,0.8965693804403482,"{'I1': -0.5272423402433162, 'I2': -0.6064782649190004}","{'I2': 0.5332543335541353, 'I1': 0.5176292950322886}","{'I1': 0.05067825856291144, 'I2': 0.03708416956011134}",0.2746325966162248,1M_DPSGD_BPR_50
0.004926138635374046,0.00490148417233329,0.005693893298059965,0.009479717813051142,-0.7632504792245419,-0.7644295250317725,0.35587350074065127,0.22998954094268506,0.07847866225686254,0.3238,-0.2242296970757567,-0.8218009478672985,0.1443932411674347,0.3686229382431914,0.08909952606635071,0.9109004739336493,0.005212712457062109,0.0052579722428598595,0.0018958821535423208,0.003350355926957599,-0.9005805385954019,-0.8995429302623347,0.24562490413064592,0.18948925399969946,0.029368325559979633,0.4853,-0.27050001856045136,-0.7786211258697027,0.26881720430107525,0.5393172228615266,0.11068943706514864,0.8893105629348513,0.004719891970037978,0.0047421337661428245,0.0032042292393303024,0.004315944083929311,-0.8711989276449084,-0.870542227019638,0.21732836578966452,0.1510687959168473,0.04846473613501893,0.5684,-0.28998495719606376,-0.7634989200863931,0.33640552995391704,0.6263904871499808,0.11825053995680346,0.8817494600431965,0.0005,0.2,256,None,2.0,6.0,5,None,400,None,None,1e-05,1.012532876128433,1.069525391551694,0.2306360207044695,0.04684800529940224,0.009530732943675834,0.003119298674532202,0.004451588353128619,0.04684800529940224,0.05950304669277729,0.009530732943675834,0.010983520673868014,0.2306360207044695,0.1626273089285289,-0.8749159427798459,-0.874225187702127,26.387783361298247,26.381367079777636,0.6123,0.3778801843317972,0.6708860759493671,-0.2930058916175699,-0.7533834586466166,0.12330827067669173,0.8766917293233083,"{'I1': -0.5176190418435254, 'I2': -0.5803372461595383}","{'I1': 0.47930491854136936, 'I2': 0.5341243364486388}","{'I1': 0.06278185075015015, 'I2': 0.040844821433225605}",0.2262200185447798,1M_DPSGD_BPR_50
0.004963057241832727,0.004957990590980925,0.005367724867724868,0.008492394179894178,-0.7608923876100807,-0.7615142803237115,0.34283185270789,0.22752286667402302,0.06994088452903158,0.3195,-0.1804659203597546,-0.7809798270893371,0.17511520737327188,0.35558112773302647,0.10951008645533142,0.8904899135446686,0.005364818644406851,0.005477293339217976,0.002369272376236164,0.0038995003758234927,-0.8970840245676662,-0.894620891132409,0.25247657770654386,0.19720288822798115,0.036013467685508935,0.4831,-0.2332606824236061,-0.7547649301143584,0.2964669738863287,0.5297276563099348,0.12261753494282084,0.8773824650571792,0.0049584410464709626,0.004998669441167812,0.0035185673921818202,0.005034947544184693,-0.863562465178258,-0.8622931001874802,0.22769892072559572,0.15955632707171605,0.0537115173549689,0.5737,-0.25619256203168,-0.7431781701444622,0.3686635944700461,0.6248561565017261,0.12841091492776885,0.8715890850722311,0.0005,0.2,256,None,2.0,7.0,5,None,400,None,None,1e-05,1.059504068672702,1.1067182474222617,0.23898302010984665,0.05152234423285134,0.01084784679310581,0.0034238184619105566,0.005038558704921778,0.05152234423285134,0.06748498697879457,0.01084784679310581,0.013088473328962028,0.23898302010984665,0.1703236839153941,-0.8684669464361308,-0.8669657452269587,26.275370857644344,26.26099965699368,0.6166,0.4147465437788018,0.6670502493287304,-0.25230370554992854,-0.7312095569935291,0.13439522150323543,0.8656047784967645,"{'I2': -0.5900365608462079, 'I1': -0.5264930010415904}","{'I2': 0.5345580766946296, 'I1': 0.5087565439501012}","{'I2': 0.040472159530895495, 'I1': 0.06258838306794785}",0.19239869607557197,1M_DPSGD_BPR_50
0.0037008466822306568,0.0036227828008483834,0.0039620811287477955,0.008184193121693122,-0.8308406043435365,-0.8350127131899765,0.3498890200909465,0.20735129722910955,0.05997924742431841,0.3088,-0.2611048948329471,-0.8707753479125249,0.09984639016897082,0.3609512850019179,0.06461232604373758,0.9353876739562624,0.0038859280575508186,0.003951444608240597,0.0013236724587699518,0.002241160778765235,-0.9294748159481555,-0.9281089968967291,0.2488090792800494,0.18811802657467022,0.022354039965047107,0.4543,-0.3507783899780633,-0.8472972972972972,0.17357910906298002,0.5243574990410433,0.07635135135135135,0.9236486486486486,0.003526786075329437,0.0035569008393660606,0.0020532889675467327,0.003266888150609077,-0.9084374968708646,-0.9075339174142125,0.21555912355458054,0.1458426410164955,0.03216409770704336,0.5451,-0.3875316190546897,-0.8277027027027026,0.2350230414746544,0.622554660529344,0.08614864864864864,0.9138513513513513,0.0005,0.2,256,None,2.0,4.0,5,None,400,None,None,1e-05,0.8865627611596685,0.925307741226647,0.2294989985246736,0.03207268030228831,0.007324459193494923,0.0020369537900177146,0.0033771103119397345,0.03207268030228831,0.04526762630949092,0.007324459193494923,0.009096947281726697,0.2294989985246736,0.15705060830412307,-0.9110889942236635,-0.9102363490516725,26.695542370023073,26.685450049941693,0.5884,0.26881720430107525,0.6682009973149213,-0.3993837930138461,-0.8174230568596765,0.0912884715701617,0.9087115284298383,"{'I1': -0.6028998176865602, 'I2': -0.647679180639917}","{'I2': 0.5178487838934391, 'I1': 0.5574322665526009}","{'I1': 0.03793815276295146, 'I2': 0.032567163493049285}",0.3495598019945124,1M_DPSGD_BPR_50
0.005386918977693247,0.005230466571543894,0.006621803350970016,0.009047398589065257,-0.736327298453887,-0.7449965221180334,0.36202067397970017,0.23999407989108285,0.08536979615504293,0.322,-0.15473936707093097,-0.7540514775977121,0.19815668202764977,0.35289604909858074,0.12297426120114395,0.877025738798856,0.005675735627848763,0.005746534887038291,0.002384194779737953,0.003969617249561536,-0.8898530351133425,-0.8882056830508733,0.2649791498905976,0.20730430549217266,0.03951058753022439,0.4914,-0.21674188068634775,-0.7414116177389132,0.31797235023041476,0.5347142309167625,0.1292941911305434,0.8707058088694566,0.00531804860895852,0.005327420176678572,0.0037906183265887694,0.005227417780123738,-0.8515232275358148,-0.8512170273738264,0.24159108884796615,0.17178885860214207,0.055170257942984385,0.5835,-0.23007358777060694,-0.7264597580220937,0.39938556067588327,0.6294591484464902,0.1367701209889532,0.8632298790110469,0.0005,0.2,256,None,2.0,7.0,5,None,400,None,None,1e-05,1.0700748556611441,1.122821802607493,0.25294312468604796,0.05417760619104643,0.010953706682127147,0.0037085561286455755,0.005230819886749031,0.05417760619104643,0.06935834583261229,0.010953706682127147,0.013095222038430946,0.25294312468604796,0.18219031868239738,-0.8572024930132138,-0.8568577615942019,26.244505993420503,26.24267467852894,0.6215,0.4377880184331797,0.667433831990794,-0.22964581355761426,-0.7185185185185186,0.14074074074074075,0.8592592592592593,"{'I2': -0.5999752317129338, 'I1': -0.49994654690265944}","{'I2': 0.5521900795130603, 'I1': 0.49005013143670095}","{'I2': 0.03968773922097927, 'I1': 0.06958706377439554}",0.1923986960755692,1M_DPSGD_BPR_50
0.005746641585281464,0.005636316715382704,0.00604750881834215,0.0075135582010582005,-0.7181269640629596,-0.7242327603481022,0.361583935900469,0.24281327019404605,0.08030148942157528,0.3355,-0.16009891836759949,-0.7529734675205855,0.2073732718894009,0.3674721902570004,0.12351326623970722,0.8764867337602927,0.006233336751572718,0.006331891697527867,0.002931091656718396,0.004695730350326447,-0.8773043245221541,-0.8749082309733757,0.25275534506446834,0.19626042964248136,0.045200222186508626,0.4954,-0.16605770709486517,-0.707558859975217,0.36251920122887865,0.5285769083237438,0.14622057001239158,0.8537794299876085,0.005906065468358353,0.005928932902466625,0.004337687114257434,0.005912431045010951,-0.8327130849029252,-0.8319430224470596,0.22751809914708768,0.16164091518056312,0.06501515267892669,0.5804,-0.15904892711752655,-0.6879957694341619,0.45314900153609833,0.6121979286536249,0.1560021152829191,0.8439978847170809,0.0005,0.2,256,None,2.0,8.0,5,None,400,None,None,1e-05,1.142128740554971,1.1922820458694823,0.24001300061847491,0.062392165114670176,0.012710690839742963,0.004188735889630248,0.005790870781347798,0.062392165114670176,0.07791407665273532,0.012710690839742963,0.014590145368068418,0.24001300061847491,0.17265569902957603,-0.8399494618946987,-0.8390029069101053,26.09926472115501,26.095052381598375,0.6301,0.5069124423963134,0.6609129267357116,-0.15400048433939817,-0.6785192401363858,0.16074037993180712,0.8392596200681929,"{'I2': -0.5314236882651371, 'I1': -0.458309399374238}","{'I2': 0.5524534215101147, 'I1': 0.4752529836148979}","{'I2': 0.04734837127099177, 'I1': 0.07061201652959961}",0.16746306701170405,1M_DPSGD_BPR_50
0.004495660586229189,0.004457658698048867,0.005807870370370371,0.00806106701940035,-0.7887840469389767,-0.7904319645397649,0.3438139316201842,0.22112391848981786,0.0796875607806925,0.3211,-0.2668497964537164,-0.8661567877629064,0.10752688172043011,0.37437667817414655,0.06692160611854685,0.9330783938814532,0.004610466592804799,0.0046588104097202545,0.0015733003198184253,0.0022342706813458907,-0.9142549498286595,-0.9131614317833167,0.2449601508387085,0.19003576181304885,0.02623227395981979,0.4733,-0.3400062575236116,-0.8300907911802853,0.2012288786482335,0.541235136171845,0.08495460440985733,0.9150453955901426,0.004335109692719975,0.004331737126700226,0.0029020692534059162,0.003624039632516051,-0.8842372104263944,-0.8843376928978718,0.2158320133988842,0.15028933582245585,0.04449163729286494,0.5513,-0.37216710062769676,-0.8162583518930957,0.2534562211981567,0.6256233218258535,0.09187082405345212,0.9081291759465479,0.0005,0.2,256,None,2.0,5.0,5,None,400,None,None,1e-05,0.9613261105728989,1.009143676961542,0.22865819666856932,0.04333317391855694,0.009739761505096119,0.002838307123666516,0.0036406922822126648,0.04333317391855694,0.051309212761780416,0.009739761505096119,0.010970660381937771,0.22865819666856932,0.16160224581783827,-0.8885151979366152,-0.8883726490692562,26.400680338179523,26.401839451578084,0.5985,0.30721966205837176,0.6712696586114307,-0.364049996553059,-0.7948717948717949,0.10256410256410256,0.8974358974358975,"{'I2': -0.5793716266764989, 'I1': -0.5498815307308392}","{'I2': 0.5265198173123136, 'I1': 0.5525897898732014}","{'I2': 0.03998061611134354, 'I1': 0.054829356500435925}",0.27463260888520163,1M_DPSGD_BPR_50
0.0061792888302447295,0.006045465642007811,0.006279210758377425,0.01053373015873016,-0.6928974763820036,-0.7004412769545006,0.36957473284924985,0.2408136445208169,0.08795339333470152,0.3386,-0.1293804874858366,-0.7225747960108795,0.2350230414746544,0.364403528960491,0.1387126019945603,0.8612873980054397,0.006338471742268588,0.006377754124236324,0.003249509955638086,0.005514915034413635,-0.8750823448612959,-0.8743199710685984,0.24735753801315657,0.1898588404239368,0.051069877546336066,0.4932,-0.19600720499046342,-0.7274424393279402,0.33640552995391704,0.5324127349443805,0.13627878033602986,0.8637212196639701,0.0060745147810943026,0.006079011760881826,0.004334495951535742,0.005496872660532756,-0.8278693016946509,-0.8277920842158396,0.22713252152110133,0.16037184619630085,0.0621041771279407,0.5844,-0.19475039728204285,-0.7069327731092436,0.42857142857142855,0.6233218258534714,0.14653361344537816,0.8534663865546218,0.0005,0.2,256,None,2.0,8.0,5,None,400,None,None,1e-05,1.170941651583004,1.2114457877853266,0.2392328095038898,0.061677177655440826,0.012422928519234143,0.00425691519845216,0.00580040037434873,0.061677177655440826,0.07654621257175648,0.012422928519234143,0.014584727378062342,0.2392328095038898,0.17042758322511664,-0.8350890094529958,-0.8350904499824919,26.0496140936239,26.044990011884916,0.6301,0.47465437788018433,0.6689681626390487,-0.19431378475886435,-0.6989771066731612,0.1505114466634194,0.8494885533365806,"{'I1': -0.48481102587097546, 'I2': -0.5392923615746124}","{'I2': 0.5559299311926339, 'I1': 0.4591565101698201}","{'I1': 0.07007651884837557, 'I2': 0.04391749139165478}",0.1674630670117071,1M_DPSGD_BPR_50
0.006201117516981351,0.00614231510575494,0.005790233686067018,0.007440365961199294,-0.6891510795824339,-0.6919708496993383,0.36958458981651005,0.2451420952865296,0.08251302434198922,0.33,-0.09176463933507623,-0.6893023255813953,0.2565284178187404,0.34829305715381664,0.15534883720930232,0.8446511627906976,0.006681347998459252,0.0068098444761179435,0.003829530883848429,0.005270482380510226,-0.8662306639943383,-0.8631577005492591,0.2348112702027078,0.18086305868975622,0.060852506651671946,0.5117,-0.14223492582006259,-0.6892621475704859,0.3978494623655914,0.540084388185654,0.15536892621475704,0.8446310737852429,0.006115805383088146,0.006112119164250288,0.00409452051486393,0.005700244598310259,-0.8248473463736191,-0.8249995516472031,0.2189906694179404,0.15545551515512745,0.06302337575535819,0.5862,-0.12794337824962565,-0.6701570680628273,0.4838709677419355,0.6118143459915611,0.1649214659685864,0.8350785340314136,0.0005,0.2,256,None,2.0,9.0,5,None,400,None,None,1e-05,1.2192461409138826,1.2515858523518972,0.2307913647456449,0.06379817659446338,0.015020745783889188,0.004148356703838677,0.005727337970630489,0.06379817659446338,0.07927395822727325,0.015020745783889188,0.017513200191579748,0.2307913647456449,0.16533479525352096,-0.8306122250952186,-0.8300589770316216,26.09896333553171,26.095315797951905,0.6363,0.5360983102918587,0.6612965093977752,-0.12519819910591645,-0.6632899179932465,0.16835504100337675,0.8316449589966233,"{'I2': -0.5581035089580175, 'I1': -0.44499581015715606}","{'I2': 0.5598335950527215, 'I1': 0.4474501675540837}","{'I2': 0.04024941982467532, 'I1': 0.08878055186380672}",0.14833694376740802,1M_DPSGD_BPR_50
0.004850403116313179,0.004819446783805338,0.005714175485008819,0.008798280423280423,-0.7684276870203516,-0.7698996959566111,0.3828773102551456,0.24733283001356432,0.07970207162861541,0.3263,-0.2157802725381329,-0.8118532455315146,0.15360983102918588,0.3693901035673188,0.09407337723424271,0.9059266227657573,0.0051391937342781056,0.005241132729082607,0.0025806915152319036,0.004123373273791099,-0.9020737938274319,-0.8998911580381752,0.25193604727898794,0.1948801443641535,0.040754430175515347,0.4853,-0.27050001856045136,-0.7786211258697027,0.26881720430107525,0.5393172228615266,0.11068943706514864,0.8893105629348513,0.004822323673814075,0.0048339670624813254,0.0034316038956334516,0.004703816975605731,-0.8679744524696842,-0.867571935824817,0.23275259582263466,0.16264776690996952,0.05030093039426554,0.5611,-0.29421674011302434,-0.7680525164113785,0.32565284178187404,0.6198695818948984,0.11597374179431072,0.8840262582056893,0.0005,0.2,256,None,2.0,6.0,5,None,400,None,None,1e-05,1.0324432460417197,1.076842434962407,0.24512514872329655,0.050351084436791545,0.010635487531334954,0.0034159187579194316,0.004844404748760525,0.050351084436791545,0.06429034922648183,0.010635487531334954,0.012418996870347074,0.24512514872329655,0.17344619242097487,-0.873121975134814,-0.8723431147309925,26.346797059114003,26.342267356767003,0.6062,0.3717357910906298,0.6647487533563483,-0.2930129622657185,-0.7549367088607595,0.12253164556962025,0.8774683544303797,"{'I2': -0.5722575661303345, 'I1': -0.4988287276970457}","{'I2': 0.5619565905466277, 'I1': 0.5189972806342122}","{'I2': 0.044269836802998105, 'I1': 0.06170333077903211}",0.2262200185447798,1M_DPSGD_BPR_50
0.005411118924043574,0.0053259013138048,0.005066137566137565,0.008767305996472666,-0.7340895309817055,-0.738999279135165,0.3688509242795416,0.24211277435413037,0.07701084952348197,0.3352,-0.17507278348438007,-0.7673992673992673,0.19508448540706605,0.3701572688914461,0.1163003663003663,0.8836996336996337,0.005859061945809413,0.005963578490148834,0.002450184964112539,0.0035323355587979543,-0.8857862075082265,-0.8834361877038235,0.25217581327314503,0.19452177335467852,0.03956159768968093,0.4951,-0.22134487263111186,-0.7433353998760075,0.31797235023041476,0.5393172228615266,0.12833230006199628,0.8716676999380037,0.005642520210335052,0.005648099579351819,0.003756679879805287,0.005169864729199677,-0.8410135238059194,-0.8408978149394939,0.2373282055281777,0.16901001748609631,0.05566896057688035,0.5807,-0.19974581019905646,-0.7103594080338267,0.42089093701996927,0.6206367472190257,0.14482029598308668,0.8551797040169133,0.0005,0.2,256,None,2.0,8.0,5,None,400,None,None,1e-05,1.1363412517141434,1.1780749813834919,0.24781827712337826,0.05406833954197853,0.011704213668554017,0.00360171296077226,0.0050922661766484535,0.05406833954197853,0.06836304935761045,0.011704213668554017,0.013678072343418382,0.24781827712337826,0.17791911876846717,-0.848542665209355,-0.8480411702863373,26.14675096714254,26.138988293185083,0.6289,0.4685099846390169,0.6689681626390487,-0.2004581780000318,-0.7022938018545632,0.1488530990727184,0.8511469009272816,"{'I1': -0.4502915396035396, 'I2': -0.5602304205102505}","{'I1': 0.4674017737605, 'I2': 0.5740019235261222}","{'I1': 0.07898417734095411, 'I2': 0.038142985348871845}",0.16746306701170405,1M_DPSGD_BPR_50
0.006495985688668835,0.006313212741505703,0.0060612874779541435,0.008895171957671954,-0.6731224651725453,-0.6837449943420705,0.35756585119915146,0.23499245101135008,0.08254124934798852,0.3327,-0.12017273593427125,-0.7158671586715868,0.23655913978494625,0.3567318757192175,0.14206642066420663,0.8579335793357934,0.007008100881705544,0.007074468461080737,0.003464761020471324,0.005456809774358514,-0.859595268280507,-0.8580012375177085,0.24497073819603687,0.19096097602040238,0.05375900564129244,0.5077,-0.1276499463514571,-0.6807738814993953,0.4055299539170507,0.5331799002685078,0.1596130592503023,0.8403869407496977,0.006536295537129521,0.006551242854949328,0.004593247499680896,0.006353113367349443,-0.811760567964293,-0.8112964416288848,0.22693745147095634,0.16100063910720702,0.06906209176707306,0.5948,-0.1559608215386084,-0.6842105263157894,0.4700460829493088,0.6260069044879172,0.15789473684210525,0.8421052631578947,0.0005,0.2,256,None,2.0,9.0,5,None,400,None,None,1e-05,1.2128604390835211,1.2579113570564613,0.2379424322104499,0.06713613498861393,0.014247327773056139,0.004479487058155517,0.00634480302002663,0.06713613498861393,0.08429283588157008,0.014247327773056139,0.01702106742377778,0.2379424322104499,0.17075624280727375,-0.8190141408041139,-0.8186317437756261,25.91604347486878,25.911294378340056,0.6393,0.522273425499232,0.6685845799769851,-0.1463111544777531,-0.6735477676428228,0.16322611617858857,0.8367738838214114,"{'I2': -0.5281057769635402, 'I1': -0.42544273682181144}","{'I2': 0.5531707929678422, 'I1': 0.4450232459709929}","{'I2': 0.04148800952466565, 'I1': 0.08775805833629163}",0.1483369437674061,1M_DPSGD_BPR_50
0.006200860378281756,0.006121369284020096,0.006115850970017636,0.009552138447971783,-0.6910788816011337,-0.6956989363033435,0.37001233739622624,0.24049051964175605,0.08463011164653711,0.3425,-0.13052770014795334,-0.7222222222222223,0.23809523809523808,0.3686229382431914,0.1388888888888889,0.8611111111111112,0.006999221231021087,0.0071540766319543965,0.003914164861240067,0.005608576144787835,-0.8596824977853076,-0.8560644146455404,0.2533912266631682,0.19491730027419513,0.057764177691755784,0.5092,-0.1334072216064866,-0.6841470765521398,0.402457757296467,0.5358649789029536,0.15792646172393007,0.8420735382760699,0.006376967132720536,0.006386391542566504,0.00457526486650591,0.005872662257687286,-0.8173571922530296,-0.8170227689851839,0.223029425644226,0.15688485781949324,0.06701534666720366,0.5967,-0.13906550778743515,-0.6748971193415638,0.48540706605222733,0.6244725738396625,0.16255144032921812,0.8374485596707819,0.0005,0.2,256,None,2.0,9.0,5,None,400,None,None,1e-05,1.2081943361577172,1.2488071723246776,0.23720854255845603,0.06641544709880397,0.014505740226583252,0.004549197673990675,0.006044936302885987,0.06641544709880397,0.08165261813650378,0.014505740226583252,0.01655784940491667,0.23720854255845603,0.16865348630238966,-0.8236584502686044,-0.8226782970519362,25.964168654119444,25.95910007002582,0.6403,0.533026113671275,0.6670502493287304,-0.1340241356574554,-0.6673058485139023,0.1663470757430489,0.8336529242569511,"{'I2': -0.5182622778579434, 'I1': -0.44285927676893844}","{'I2': 0.5464514736563967, 'I1': 0.4491631607562013}","{'I2': 0.04594297033332202, 'I1': 0.07889559566772408}",0.14833694376740802,1M_DPSGD_BPR_50
0.006308412332878199,0.006232177496483722,0.0076563051146384484,0.011036706349206345,-0.6856270208718596,-0.6896140659559887,0.3607461443419023,0.23635067508033308,0.10352782518940022,0.3398,-0.10979832743818047,-0.7037037037037037,0.2519201228878648,0.36171845032604527,0.14814814814814814,0.8518518518518519,0.006563695209627277,0.006649374508858259,0.0028947252067029216,0.004469683571354878,-0.8699371845647886,-0.86796144922312,0.24837008325070556,0.18875518509669365,0.046646496216838355,0.5184,-0.127637572717197,-0.6791000592066312,0.4162826420890937,0.5439202148062907,0.16044997039668443,0.8395500296033156,0.00609566896975075,0.006110184277832688,0.0038988763657314012,0.005378101033936743,-0.827073861913872,-0.8265991445792802,0.22045745616989404,0.1563796198159748,0.05788073123377435,0.6074,-0.12369568637433082,-0.6654876200101061,0.5084485407066052,0.632144227080936,0.16725618999494693,0.832743810005053,0.0005,0.2,256,None,2.0,10.0,5,None,400,None,None,1e-05,1.2746639984900974,1.2914708448750318,0.23380058752265273,0.05859846603185073,0.012236239440398354,0.003943792488840536,0.005553445900829181,0.05859846603185073,0.07417807177855865,0.012236239440398354,0.014134439983809621,0.23380058752265273,0.16692252536458416,-0.8330158332967749,-0.8323171129383119,26.036641092360977,26.030275357859857,0.6507,0.5637480798771122,0.6724204065976218,-0.10867232672050964,-0.6537735849056603,0.1731132075471698,0.8268867924528301,"{'I2': -0.5222073819405412, 'I1': -0.47338153459372184}","{'I2': 0.5419709862561369, 'I1': 0.4640937694422865}","{'I2': 0.04239232552365726, 'I1': 0.06867325370637958}",0.1332146878526766,1M_DPSGD_BPR_50
0.006869807202711593,0.006717864525174112,0.00739098324514991,0.011060515873015864,-0.6525594616182658,-0.6607401954221785,0.3650463388546718,0.24268371416022946,0.10602117391225091,0.3349,-0.09598228095573952,-0.6920256645279561,0.25806451612903225,0.35404679708477177,0.153987167736022,0.846012832263978,0.007259127069691278,0.0073016724276681235,0.003827725457251919,0.005855072143372969,-0.8534760020401839,-0.8524789455046006,0.24057571780977147,0.18865104372062974,0.05665924540248577,0.5015,-0.09502244046956171,-0.6609547123623012,0.4254992319508449,0.5205216724204066,0.16952264381884946,0.8304773561811506,0.006963179858444969,0.00693921458847743,0.004933710063029795,0.006352518258625666,-0.7975979670063312,-0.7983131381617197,0.22796637998063105,0.16337659583510958,0.07256865268592204,0.5902,-0.10221505729876501,-0.6557462298491941,0.5084485407066052,0.6106635980053702,0.17212688507540302,0.827873114924597,0.0005,0.2,256,None,2.0,10.0,5,None,400,None,None,1e-05,1.2465684284025798,1.2763642897460898,0.23838854659815983,0.07172540591500741,0.015479857850664509,0.004882943737282954,0.006544490712261529,0.07172540591500741,0.08796174837421221,0.015479857850664509,0.01772367621113203,0.23838854659815983,0.17261328728422326,-0.8066190623849404,-0.8071556808065584,25.89623322841885,25.904608235576095,0.636,0.5499231950844854,0.6574606827771384,-0.10753748769265303,-0.6544401544401544,0.17277992277992277,0.8272200772200772,"{'I2': -0.5349121958182572, 'I1': -0.4359537219055657}","{'I2': 0.5412987384686244, 'I1': 0.45052306868694525}","{'I2': 0.04056441082739262, 'I1': 0.09188904123380341}",0.13321468785267798,1M_DPSGD_BPR_50
0.041388604354871024,0.04010211566569797,0.028854497354497355,0.035306988536155194,1.7147513363095603,1.6207879902223958,0.43100334543195545,0.24769167979019738,0.24090063995970998,0.2836,0.20803614515333585,-0.3658008658008658,0.4500768049155146,0.24204065976217876,0.3170995670995671,0.6829004329004329,0.04591154907289002,0.045655687114498376,0.05642702392006007,0.05979698162149425,0.16697279478150803,0.15960884719968899,0.2484343887368903,0.18022489121555074,0.4378734962737882,0.3471,0.3781930605123745,-0.2519893899204244,0.6497695852534562,0.2715765247410817,0.3740053050397878,0.6259946949602122,0.053170533411050915,0.052593713459849804,0.047988178898307414,0.05068450440380466,1.00580249113348,0.9817026578225392,0.30508689185991555,0.21200118010282148,0.3800446257817868,0.5233,0.29239428055271255,-0.4217008797653959,0.7572964669738863,0.46490218642117376,0.28914956011730203,0.7108504398826979,0.0005,0.2,256,None,2.0,0.4,5,None,400,None,None,1e-05,0.46572977366472257,0.3261134247765163,0.3024892067692293,0.38206348279138236,0.10384131305516765,0.048352622543994174,0.05139305562127718,0.38206348279138236,0.41019508571466573,0.10384131305516765,0.11019636089257068,0.3024892067692293,0.2084611861902452,0.8228127441123879,0.8005588089262834,22.01353904799651,22.040038408733686,0.5749,0.783410138248848,0.5228231683927886,0.26058696985605934,-0.45541911372130267,0.27229044313934864,0.7277095568606513,"{'I2': -0.2794664605839773, 'I1': 0.5842150347694091}","{'I1': 0.28084266689798065, 'I2': 0.8781025255072774}","{'I2': 0.04120258105971997, 'I1': 0.41217631113461817}",54.51094630107856,1M_DPSGD_BPR_50
0.03177441184201508,0.03096832831676415,0.04279232804232803,0.045052469135802437,0.9425142608357594,0.8886744386500083,0.3195764574833184,0.20104413802735266,0.34282987568779427,0.2772,0.5789110848318688,0.06755260243632333,0.7403993855606759,0.16148830072880707,0.5337763012181617,0.46622369878183834,0.04896633285679007,0.04874619785901195,0.07370366685826292,0.07558827430693722,0.23521353214828514,0.2289098846500405,0.19748668808946837,0.16423650880684523,0.5425660653022176,0.1872,0.7392928291254138,0.6622950819672131,0.7788018433179723,0.0395090141925585,0.8311475409836065,0.16885245901639345,0.0465638097264514,0.04597717865213309,0.060336633168083145,0.06062559726491502,0.7019108442497144,0.6776617687979253,0.19682656948803035,0.14351109275663748,0.460767977113729,0.3232,0.745976359287915,0.13770180436847101,0.9201228878648233,0.17414652857690832,0.5688509021842355,0.4311490978157645,0.0005,0.2,256,None,None,None,5,None,400,None,None,None,0.404106937120598,0.2042262748835911,0.2042629569362007,0.46832657672712186,0.15563354571252103,0.06167488183304704,0.06236598763387465,0.46832657672712186,0.4783667133995729,0.15563354571252103,0.15884412361129166,0.2042629569362007,0.15063814962704675,0.5951179490267634,0.574316385336759,21.858007014806002,21.885123317330688,0.3834,0.9416282642089093,0.24395857307249713,0.6976696911364122,-0.01841473178542835,0.49079263410728585,0.5092073658927142,"{'I1': 0.2803828371173492, 'I2': 0.4489046194649455}","{'I1': 0.1897519611647035, 'I2': 0.6365419737483925}","{'I1': 0.4728000615820867, 'I2': 0.15743361993106175}",0,1M_BPR_50
