niche_user Novelty Normal,niche_user Novelty Calibrated,niche_user Diversity Normal,niche_user Diversity Calibrated,niche_user Serendipity Normal,niche_user Serendipity Calibrated,niche_user MRR Normal,niche_user MRR Calibrated,niche_user PL Normal,niche_user PL Calibrated,niche_user KLD Normal,niche_user KLD Calibrated,niche_user NCDG Normal,niche_user coverage,niche_user DPF,niche_user normalized_DPF,niche_user coverage_category_I1,niche_user coverage_category_I2,niche_user normalized_coverage_category_I1,niche_user normalized_coverage_category_I2,blockbuster Novelty Normal,blockbuster Novelty Calibrated,blockbuster Diversity Normal,blockbuster Diversity Calibrated,blockbuster Serendipity Normal,blockbuster Serendipity Calibrated,blockbuster MRR Normal,blockbuster MRR Calibrated,blockbuster PL Normal,blockbuster PL Calibrated,blockbuster KLD Normal,blockbuster KLD Calibrated,blockbuster NCDG Normal,blockbuster coverage,blockbuster DPF,blockbuster normalized_DPF,blockbuster coverage_category_I1,blockbuster coverage_category_I2,blockbuster normalized_coverage_category_I1,blockbuster normalized_coverage_category_I2,diverse Novelty Normal,diverse Novelty Calibrated,diverse Diversity Normal,diverse Diversity Calibrated,diverse Serendipity Normal,diverse Serendipity Calibrated,diverse MRR Normal,diverse MRR Calibrated,diverse PL Normal,diverse PL Calibrated,diverse KLD Normal,diverse KLD Calibrated,diverse NCDG Normal,diverse coverage,diverse DPF,diverse normalized_DPF,diverse coverage_category_I1,diverse coverage_category_I2,diverse normalized_coverage_category_I1,diverse normalized_coverage_category_I2,Learning Rate,learning_rate_factor,batch_size,dropout,latent_dim,mlp_layer_sizes,num_epochs,step_size,gamma,Test Losses,Train Losses,KLD_test,NDCG_test,recall_test,Total MRR,Calibrated_MRR,NDCG_normal,Calibrated_NDCG,average_recall,average_recall_calibrated,KLD_Normal,KLD_Calibrated,normal_PL,Calibrated_PL,novelty_normal,Calibrated_novelty,Coverage,exposure_I1,exposure_I2,DPF,normalized_DPF,normalized_exposure_1,normalized_exposure_2,PL_per_category,kld_pre_category,ndcg_per_category,epsilon,model_name
0.022175952368815612,0.021055458874799555,0.6954126938632945,0.672719220489595,0.23836003101688974,0.2721039556036087,0.0050324153757888655,0.005657439280933252,0.6250179062182344,0.5302205102839268,0.19531607143260174,0.05162828982554824,0.07190960676839593,0.5295,0.17146144994246254,-0.49681159420289855,0.6666666666666666,0.4952052167242041,0.2515942028985507,0.7484057971014493,0.014271544386793468,0.014659359194063306,0.6857114929106272,0.6888698513205697,0.2379972116524455,0.24942901315625493,0.0007407407407407407,0.0007407407407407407,-0.543964636393704,-0.5292207270695275,0.3127392302829124,0.2241332519051972,0.020068666377598746,0.0433,0.05533666007328726,-0.19148936170212766,0.08755760368663594,0.03222094361334868,0.40425531914893614,0.5957446808510638,0.020786655192320733,0.020188158574566552,0.6952946428881831,0.6839085754420443,0.24395285095907654,0.2653657143223455,0.004928935344304715,0.005141724960575806,0.1277198309877913,0.08959991057419253,0.17041378556945327,0.06773787143567517,0.0733718005293318,0.5715,0.18993882121689387,-0.4940923737916219,0.7235023041474654,0.5335634829305715,0.252953813104189,0.7470461868958109,0.0005,0.2,256,None,5,None,400,None,None,0.7614400737163086,0.5993296740601747,0.18103676891989076,0.07263638988391838,0.018260334859890537,0.00496120469828655,0.0053434662481532755,0.07263638988391838,0.07644192291142632,0.018260334859890537,0.01802674875445778,0.18103676891989076,0.06148299771885284,0.2959201248904288,0.23852581531667114,23.52324722973085,23.574033198042855,0.6341,0.7726574500768049,0.5995397008055235,0.17311774927128132,-0.5130687318489835,0.24346563407550822,0.7565343659244917,"{'I1': 0.19535539907075122, 'I2': -0.0733801890266706}","{'I1': 0.2666540223675846, 'I2': 0.3256476665281422}","{'I1': 0.058889208567136545, 'I2': 0.05994911385143966}",0.1,BPR_50_0.1_256_1M_50
0.022885716655216562,0.022016232623189816,0.6904331710580771,0.6808732625150268,0.22906423380453383,0.264034990852672,0.005067794989481728,0.005522598329827241,0.683601130480513,0.6108949886306073,0.2216351866688524,0.06287935145232314,0.0744998306187302,0.5325,0.1580272184600482,-0.5054755043227666,0.6589861751152074,0.5009589566551592,0.24726224783861672,0.7527377521613833,0.017374178982182235,0.017178657363529835,0.7171902378006281,0.7060729824811095,0.24559488988283606,0.24487806979620635,0.01061904761904762,0.012367724867724868,-0.4299954296569799,-0.43955425765019984,0.2747477560657693,0.16098681832771816,0.13597962158016133,0.0417,0.07069234019009438,-0.05882352941176472,0.09831029185867896,0.02761795166858458,0.47058823529411764,0.5294117647058824,0.02134841766327694,0.02080697934944859,0.6944811296730422,0.6873357793509826,0.2368996637044254,0.26017414629628527,0.005186113694463544,0.004980894424002265,0.16247938373407517,0.1282271563536615,0.17857993879027917,0.07262791839147537,0.07562951839520445,0.5758,0.16921121616915813,-0.5063965884861408,0.7112135176651305,0.5420023014959724,0.24680170575692964,0.7531982942430704,0.0005,0.2,256,None,5,None,400,None,None,0.7650705679538503,0.5935181008368329,0.19657432177749012,0.07531357420579628,0.01846950303244291,0.005150817310472863,0.005222637581034442,0.07531357420579628,0.07606878636549119,0.01846950303244291,0.018433455962221908,0.19657432177749012,0.0688272313793115,0.3392287131395919,0.29185013788820874,23.486917509679795,23.531835988354175,0.6387,0.7649769585253456,0.607211354046797,0.1577656044785486,-0.5213839500240269,0.23930802498798653,0.7606919750120135,"{'I1': 0.23093083359635197, 'I2': -0.14770139201472243}","{'I1': 0.27188688665578126, 'I2': 0.34317638198830597}","{'I1': 0.05408777320502529, 'I2': 0.06423619544102396}",0.1,BPR_50_0.1_256_1M_50
0.028304546674526625,0.027752861922619176,0.6148616057827216,0.6101995694865184,0.32189787480708915,0.33910959394589046,0.015072491660251467,0.015707962168701194,0.7518994142583499,0.7147194157790951,0.2033305120841651,0.14039008642229237,0.16596892312096667,0.3364,0.4837631403576687,-0.1405109489051095,0.7235023041474654,0.2397391637897967,0.42974452554744524,0.5702554744525548,0.04268624900772017,0.04260606467206116,0.6760506771457655,0.6753280826878264,0.28391855655623965,0.29063181256357545,0.013767558645877238,0.013918124034274478,0.1348567177172274,0.1324906171427734,0.171756338652249,0.14794855140251478,0.15829351910238304,0.2459,0.7927274848467172,0.4307116104868914,0.880184331797235,0.08745684695051784,0.7153558052434457,0.2846441947565543,0.04268902691437743,0.04236906595767715,0.6430999228020012,0.641637286933162,0.3021938832469965,0.3127451337597996,0.021640996680881742,0.021446188416513825,0.653758962785405,0.6398594771265786,0.15828048173998116,0.12292016365569942,0.2288333791365498,0.4408,0.6470562240264159,-0.13091922005571033,0.9585253456221198,0.3114691215957039,0.43454038997214484,0.5654596100278552,0.0005,0.2,256,None,5,None,400,None,None,0.28422856430380494,0.19465298692568897,0.1635287158883286,0.21376409412071104,0.02263927130681481,0.019991153908841826,0.019907595808556347,0.21376409412071104,0.21452116267905785,0.02263927130681481,0.023014903721492466,0.1635287158883286,0.12792018668999153,0.549654659023997,0.5371920735698794,22.10374821836311,22.12147888907108,0.5101,0.9800307219662059,0.3927886459532029,0.587242076013003,-0.23225030084235865,0.3838748495788207,0.6161251504211793,"{'I1': 0.2647493558699731, 'I2': 0.2956181633980584}","{'I1': 0.1607027209996595, 'I2': 0.5491794738208376}","{'I1': 0.21424923333958848, 'I2': 0.026742775648594837}",12.0,BPR_50_12.0_256_1M_50
0.027159743574820268,0.026588699271564497,0.6019986215661255,0.5979952264745928,0.32390363074094347,0.33866876390819195,0.016199274166941596,0.01742283441475127,0.6805392650438367,0.6417157122717982,0.19061825490590062,0.13861755429149134,0.16714531436556535,0.36,0.4542272753787658,-0.19693094629156005,0.7235023041474654,0.26927502876869963,0.40153452685422,0.59846547314578,0.04116106726225201,0.04112307488997401,0.6634062044558087,0.6631660704983003,0.2952239120156226,0.30061933416496633,0.013367089830032305,0.013218324202837478,0.0897329864669172,0.08868109081827422,0.15430175278711616,0.13338782986607248,0.15215251748886965,0.2707,0.7750950560260482,0.3151927437641724,0.890937019969278,0.11584196394322976,0.6575963718820862,0.3424036281179138,0.041519111489071864,0.041351027436313255,0.634385465973181,0.6328430724462979,0.31080657883276636,0.3196579091596834,0.022216710054935924,0.0220167441577779,0.6045403698283198,0.597254580824665,0.14107250888756703,0.11182827404146174,0.2308377538564286,0.4914,0.602961894509465,-0.20799500312304814,0.9738863287250384,0.3709244342155735,0.39600249843847596,0.6039975015615241,0.0005,0.2,256,None,5,None,400,None,None,0.2866403186978998,0.1917129670132849,0.14660621947238497,0.2144895789680853,0.022589473916808496,0.020460233337013675,0.020370017665893712,0.2144895789680853,0.21551674775746452,0.022589473916808496,0.022997383293656193,0.14660621947238497,0.11697726324545495,0.5003694840815546,0.49307252200850193,22.195864739155894,22.206277290561435,0.5528,0.9769585253456221,0.44687380130418103,0.530084724041441,-0.2937257079400333,0.35313714602998336,0.6468628539700166,"{'I2': 0.19259143658325784, 'I1': 0.23814123311376525}","{'I1': 0.1462914954683122, 'I2': 0.5577814505943902}","{'I2': 0.03303554706660065, 'I1': 0.21487408132711866}",12.0,BPR_50_12.0_256_1M_50
0.026098035022098804,0.025068402346513585,0.6802803763463386,0.6764576305141182,0.2279021527808899,0.2614544472339682,0.0021324636508685568,0.0021390742863135487,0.9163470466710801,0.8304055496231136,0.22223658591025905,0.06762669949374532,0.03263275859789021,0.5117,0.15147626295033395,-0.5056988602279544,0.6328725038402457,0.4813962408899118,0.2471505698860228,0.7528494301139772,0.01730663435381103,0.017232267479884912,0.688059367792183,0.6853455223210377,0.24572507676806138,0.25435071164629697,0.0,0.0,-0.44949552111048585,-0.45262277607876705,0.23133607843619966,0.12443575218327316,0.0,0.0531,0.07953595336200481,-0.12138728323699421,0.11674347158218126,0.03720751822017645,0.4393063583815029,0.5606936416184971,0.024509182008783926,0.023986435489494962,0.6887201523511288,0.6862278142654896,0.23404401371872333,0.25704406806430674,0.0010151463338177872,0.001170629831825009,0.3017258641747337,0.26989934828778095,0.18530781889222922,0.07575944766979166,0.016482996919250627,0.5826,0.18956761218909035,-0.49631190727081137,0.7342549923195084,0.5446873801304181,0.2518440463645943,0.7481559536354057,0.0005,0.2,256,None,5,None,400,None,None,0.7817732522085628,0.5770646294432539,0.1984202108269898,0.022096061685506384,0.0026385586074135206,0.0014038996408986448,0.001506622081315686,0.022096061685506384,0.022868530559585883,0.0026385586074135206,0.002655227527348785,0.1984202108269898,0.07306654152623873,0.47143645477189816,0.42445160863197134,23.294506633959763,23.338284828995754,0.6381,0.7726574500768049,0.6045262754123514,0.1681311746644535,-0.5161135161135162,0.24194324194324193,0.7580567580567581,"{'I2': -0.1531394475622214, 'I1': 0.33187462803594614}","{'I2': 0.33992570658830656, 'I1': 0.26072503616855924}","{'I2': 0.014155696819529617, 'I1': 0.022154416306841927}",0.2,BPR_50_0.2_256_1M_50
0.024501733433978413,0.023556735111382298,0.6839091350926573,0.67001656977454,0.23673829755970982,0.27096143703811754,0.002419904567143827,0.002357955609489349,0.7835536137404167,0.7038705672693968,0.20955409830683702,0.05718742906249882,0.035578256114903326,0.5196,0.17413769026672254,-0.4932073242764323,0.6589861751152074,0.48484848484848486,0.25339633786178384,0.7466036621382162,0.020327010124506568,0.020195519805433455,0.7058316055212636,0.6974912274250602,0.256346084547984,0.25139618079157633,0.0017698412698412696,0.0018948412698412697,-0.34017610281067817,-0.34572445839956417,0.25713431075109,0.11951782501506017,0.04617140776576012,0.0534,0.10410822334056308,0.02298850574712641,0.13671274961597543,0.032604526275412354,0.5114942528735632,0.4885057471264368,0.022917364151165274,0.02237874235821722,0.6901260827762787,0.6811639264664374,0.238927820994137,0.26235992410040343,0.001194995053676766,0.0011121085178535796,0.206374197386671,0.1734665316463985,0.17474456664963242,0.06718133592408951,0.018680412463071287,0.585,0.19225799380964748,-0.4952780692549843,0.738863287250384,0.5466052934407365,0.25236096537250785,0.7476390346274921,0.0005,0.2,256,None,5,None,400,None,None,0.7679659583727845,0.5844540719534106,0.18723366775325043,0.02470166960190631,0.002882007415865718,0.0016267738187247932,0.001551923794802231,0.02470166960190631,0.023918751598651034,0.002882007415865718,0.0029219137049857112,0.18723366775325043,0.0638473910983374,0.366662901711517,0.32066754956415416,23.39855472270574,23.43946165005015,0.6354,0.7880184331797235,0.5972382048331415,0.19078022834658204,-0.5043478260869565,0.24782608695652175,0.7521739130434782,"{'I2': -0.09978159858049733, 'I1': 0.22618765686060185}","{'I2': 0.3249646174692355, 'I1': 0.2599448510994251}","{'I2': 0.014608337266070666, 'I1': 0.024757823192817323}",0.2,BPR_50_0.2_256_1M_50
0.02824962188870709,0.027876335261849464,0.6069666022001109,0.6040074087305171,0.3222102111911095,0.3370390988130825,0.017878679570365468,0.01853147109498148,0.752970368299106,0.727591348844252,0.1992238026043042,0.14412865086905427,0.18144141277580114,0.3465,0.4787836363989896,-0.15854738706820193,0.7296466973886329,0.2508630609896433,0.42072630646589904,0.579273693534101,0.042321143432426205,0.04224949367475819,0.6729730720177761,0.6724191984261372,0.2861009451311344,0.2928904543862263,0.013306015960712084,0.0136635972989564,0.12297783128762957,0.12090195314139397,0.16906325197577457,0.1453094828598655,0.15360036852756018,0.2354,0.7884921666056823,0.470664928292047,0.8663594470046083,0.07786728039892597,0.7353324641460235,0.2646675358539765,0.04251639674486895,0.042279423101324064,0.6427290087027651,0.6417613887502,0.30325827462770877,0.31348079856524763,0.022001106045254917,0.021799890239783827,0.6457636443307377,0.6356339008906304,0.15785420161967154,0.12348860973675446,0.23361272563814423,0.4408,0.6393775001369937,-0.13649025069637882,0.9523809523809523,0.3130034522439586,0.43175487465181056,0.5682451253481894,0.0005,0.2,256,None,5,None,400,None,None,0.2821976791786207,0.19333104845752985,0.16250097667740906,0.21787881347277935,0.02303289128831837,0.020402221118103775,0.020346003091531357,0.21787881347277935,0.21840326363320836,0.02303289128831837,0.023196719049709092,0.16250097667740906,0.12823935965174305,0.5410965754680633,0.5320141403701172,22.11443296412828,22.12825538653479,0.5129,0.9708141321044547,0.398542385884158,0.5722717462202966,-0.24356672651107125,0.3782166367444644,0.6217833632555356,"{'I1': 0.2554687192768321, 'I2': 0.263531010866831}","{'I1': 0.16142801266752346, 'I2': 0.559340731115687}","{'I1': 0.21696541011231735, 'I2': 0.03773574063166015}",13.0,BPR_50_13.0_256_1M_50
0.028118977654979546,0.027595428820052663,0.6144183715502659,0.6099995458147442,0.31760245835982837,0.33487966130561136,0.01712159536639905,0.01698247736353971,0.7382272449473437,0.7024251362124826,0.20903116312254186,0.14456114400718476,0.17228443666750273,0.3392,0.4822305773714512,-0.14570135746606333,0.7250384024577573,0.2428078250863061,0.4271493212669683,0.5728506787330316,0.043148598934168496,0.04297953394458187,0.6726663220081771,0.6726295282554269,0.2875322801100179,0.2944620819201015,0.013693414013855994,0.013557572568622292,0.14811539574160199,0.1431347485963037,0.1653187093514724,0.14147222455594657,0.15755412784004302,0.2299,0.793476973550473,0.5033377837116155,0.8648233486943164,0.0713463751438435,0.7516688918558078,0.24833110814419226,0.04284742918664409,0.04256774168213558,0.6397689484960538,0.6381233030324905,0.30589063458141763,0.3162626431986524,0.022135672070246495,0.021905749746707164,0.6593246042920855,0.6471561224961268,0.14726680943966633,0.11339729832554926,0.2323548146614163,0.4245,0.6789041909499239,-0.08893709327548804,0.967741935483871,0.28883774453394706,0.455531453362256,0.544468546637744,0.0005,0.2,256,None,5,None,400,None,None,0.28028051744112786,0.19605750860424112,0.15440177707213895,0.21683558722771185,0.02312561031433946,0.02051074017991865,0.02030143088481937,0.21683558722771185,0.21716090204183852,0.02312561031433946,0.023697296603783908,0.15440177707213895,0.11984011936209411,0.5558975628511763,0.5442471427131162,22.082989772770166,22.098747395504013,0.4988,0.9769585253456221,0.3793632527809743,0.5975952725646478,-0.21723076923076928,0.3913846153846154,0.6086153846153847,"{'I1': 0.2606335236293134, 'I2': 0.2897590010245884}","{'I1': 0.14942861552429673, 'I2': 0.5688204755131115}","{'I1': 0.21702699548205268, 'I2': 0.029015522803754863}",13.0,BPR_50_13.0_256_1M_50
0.02893109619389883,0.027850867056761583,0.6857557197938975,0.6772803022098133,0.23140048925495435,0.2626676579011393,0.0017723424414695262,0.0020708274751920436,1.0826349639751327,0.9932068102988564,0.24003661220840883,0.07815467312377498,0.027625948137704137,0.4589,0.19057694721230856,-0.46755852842809364,0.6113671274961597,0.4207901802838512,0.2662207357859532,0.7337792642140468,0.01724857848435761,0.017392958009700848,0.6963285195687074,0.6928362610079238,0.2358775054612832,0.24428829407898814,0.0005555555555555556,0.0005555555555555556,-0.47479532394410984,-0.47045915613688655,0.21417700504196213,0.12588543133620736,0.0107459113120706,0.0958,0.1106839261187975,-0.23076923076923078,0.18433179723502305,0.07364787111622555,0.38461538461538464,0.6153846153846154,0.02887704503583156,0.028179991650849945,0.6887474326436309,0.6877516968696729,0.2311509777668218,0.2529340427240608,0.0010321478576429059,0.001147552255225522,0.44697793793333507,0.40644204221609687,0.19816087039155036,0.08528436615747761,0.016758064973094015,0.5626,0.24905474272562877,-0.45881069285324605,0.7619047619047619,0.5128500191791331,0.270594653573377,0.729405346426623,0.0005,0.2,256,None,5,None,400,None,None,0.8088086908703909,0.5472397664034298,0.2090616631371748,0.019526485714840575,0.002479662857896457,0.001220300530502582,0.0013822576065868524,0.019526485714840575,0.021271548129961716,0.002479662857896457,0.002605634117958611,0.2090616631371748,0.08368674717767065,0.5622092545110151,0.5125510568114885,23.047515198338125,23.088644810871283,0.609,0.7910906298003072,0.5634829305715382,0.227607699228769,-0.48084677419354843,0.2595766129032258,0.7404233870967742,"{'I1': 0.3414540844484646, 'I2': -0.062022370355276}","{'I1': 0.25394690721034946, 'I2': 0.4379779133924689}","{'I1': 0.020015012917245667, 'I2': 0.011174454945850662}",0.4,BPR_50_0.4_256_1M_50
0.02767701909666955,0.02627443447377911,0.6655393311694001,0.6663002522727456,0.22387045901798772,0.262092870103858,0.0017897895144364968,0.0023078784359272142,0.9807506308319472,0.8653440124821627,0.26806673648996676,0.08034951596289443,0.028577290726740468,0.4751,0.1376124895928898,-0.5077519379844961,0.5852534562211982,0.4476409666283084,0.24612403100775193,0.7538759689922481,0.01897887483100251,0.018911325478429938,0.6818543507511674,0.6805129472297523,0.24604291307857812,0.2613121841548853,0.001399911816578483,0.0016280864197530864,-0.4213276625746197,-0.4231311702247403,0.2313725636582512,0.12280264849066197,0.029584441307519655,0.0918,0.15598380114509147,-0.05685618729096986,0.21658986175115208,0.06060606060606061,0.47157190635451507,0.5284280936454849,0.02753622819368884,0.026807308288969073,0.6766332581386441,0.6774240067763939,0.22843789490238683,0.2545872962444373,0.001347170431328845,0.0011837969511236828,0.3726632918925265,0.33098344721323664,0.20845781745235253,0.08421420654366354,0.0212666489298257,0.5844,0.20838260691261912,-0.4863445378151261,0.7511520737327189,0.5427694668200997,0.25682773109243695,0.743172268907563,0.0005,0.2,256,None,5,None,400,None,None,0.7994402769963294,0.5515652296860094,0.22397547673092416,0.023202624492129474,0.002905883721914272,0.0014616949794160762,0.0014764954231665046,0.023202624492129474,0.02283510722763016,0.002905883721914272,0.002957661594216851,0.22397547673092416,0.08344706444118816,0.48377107970337274,0.42805862278064194,23.162088407221106,23.214168300137715,0.6255,0.7711213517665131,0.5891829689298044,0.1819383828367087,-0.507360157016683,0.2463199214916585,0.7536800785083415,"{'I2': -0.13218758226010452, 'I1': 0.3152260631478737}","{'I2': 0.3826115371697324, 'I1': 0.26812960846388306}","{'I2': 0.012856015007575227, 'I1': 0.024160062820267673}",0.4,BPR_50_0.4_256_1M_50
0.02905423879602455,0.028408098701143372,0.6149672997447373,0.6131426252328172,0.30874380136551793,0.3284271495940207,0.0189537739653213,0.018883848381538903,0.808257912276603,0.7642212787072883,0.2337838343358742,0.16050839930523617,0.18527907360482815,0.3361,0.48990576593679896,-0.13424657534246576,0.728110599078341,0.238204833141542,0.4328767123287671,0.5671232876712329,0.042871964538670655,0.04273841602939912,0.6734604735957906,0.6723517171155027,0.28814748017381037,0.29510386329825294,0.01341918793300007,0.013348066298342528,0.14009290142452377,0.13607758523275457,0.1620738288955129,0.13884710831687316,0.15329079763357828,0.2376,0.7704496401923924,0.4366925064599483,0.8540706605222734,0.08362102032988109,0.7183462532299741,0.28165374677002586,0.043555156468318715,0.04328643281594902,0.6416684441542877,0.641210053629998,0.29987379259956826,0.31128117149259577,0.021445871327254222,0.021220001688618664,0.6915167225978269,0.6798742703898432,0.16503248640757961,0.12596880707706512,0.2241950349619546,0.411,0.6535488466889039,-0.09185959671396565,0.9339477726574501,0.2803989259685462,0.4540702016430172,0.5459297983569829,0.0005,0.2,256,None,5,None,400,None,None,0.2909634192895934,0.20540687920750794,0.169519360969443,0.21077685906764912,0.02178705641304523,0.02006408486989796,0.01987259262764388,0.21077685906764912,0.21165219288309917,0.02178705641304523,0.02217122135529647,0.169519360969443,0.13037597932894066,0.5812680453475889,0.569871249220991,22.063434435612642,22.07905209778353,0.4896,0.9539170506912442,0.3736095128500192,0.580307537841225,-0.22131661442006267,0.38934169278996866,0.6106583072100313,"{'I2': 0.2607979252142118, 'I1': 0.28141388775652715}","{'I1': 0.16248537204008018, 'I2': 0.5848911163881552}","{'I2': 0.02739926985725666, 'I1': 0.2110526958998605}",14.0,BPR_50_14.0_256_1M_50
0.028914791976695428,0.028332501661463134,0.6124316091946511,0.6096360503429559,0.31596305613255,0.33350814896282904,0.017213515891344983,0.017133600938450816,0.7887579986419414,0.7493492260403741,0.22583084444137408,0.15215539940332193,0.1744845907584579,0.329,0.4929691242471969,-0.1212686567164179,0.7235023041474654,0.2305331799002685,0.439365671641791,0.5606343283582089,0.043282272352827805,0.04323291676584636,0.6757639901466936,0.6748076566447653,0.2864954725604789,0.29428282724302496,0.014137507673419269,0.014326142243269316,0.15186701708761172,0.1504742191503185,0.16790604295139536,0.14200946632386513,0.15985889357198213,0.2281,0.7996178314675662,0.5208613728129206,0.8678955453149002,0.0682777138473341,0.7604306864064603,0.2395693135935397,0.04345024464895932,0.04317414015855014,0.6453485711323923,0.6440747530313284,0.30116048078610974,0.31264599257984965,0.021761659912191797,0.021804837892603814,0.6857651277586447,0.6736649358492363,0.16232385307499533,0.12408958902676422,0.22929933486485676,0.4076,0.6692863418057375,-0.07530120481927716,0.9431643625192012,0.27387802071346373,0.4623493975903614,0.5376506024096386,0.0005,0.2,256,None,5,None,400,None,None,0.28232880591283477,0.19802529019539497,0.16771477872914972,0.214960417414025,0.023218858258438998,0.020292762241255105,0.020348914546496472,0.214960417414025,0.21776538261346345,0.023218858258438998,0.023702903061436104,0.16771477872914972,0.12878816220445977,0.5786032420142211,0.5676030302924686,22.049391667669102,22.064408025194943,0.4776,0.9662058371735791,0.35558112773302647,0.6106247094405526,-0.19151670951156813,0.40424164524421596,0.5957583547557841,"{'I1': 0.2751533608392599, 'I2': 0.30706663906928655}","{'I1': 0.1621109031642034, 'I2': 0.5796934708565809}","{'I1': 0.21498450980220776, 'I2': 0.032459345890490314}",14.0,BPR_50_14.0_256_1M_50
0.030288482478375234,0.028783911216200064,0.6816861331793013,0.6660977788532095,0.23250805786936793,0.2651332326516869,0.0020667933840202734,0.0020277777777777772,1.1247819517512399,1.0038385708575652,0.26164190697796785,0.08136478597285478,0.030641598345616205,0.4448,0.19286430188839332,-0.4616977225672878,0.5990783410138248,0.4062140391254315,0.2691511387163561,0.7308488612836439,0.021027686411777793,0.021118946909941556,0.6894080207710931,0.6912979619040599,0.24516193452930385,0.24992575590622923,0.00017543859649122806,0.0003508771929824561,-0.3841606676531145,-0.381105968945609,0.2309709807862567,0.13364393886717754,0.0037495493379791807,0.1759,0.28316354939466415,-0.0855148342059337,0.402457757296467,0.11929420790180284,0.4572425828970332,0.5427574171029669,0.030111286653386398,0.029262425009866165,0.6861134187252119,0.67954553741003,0.23754665587963142,0.26008539971161104,0.0014420549761387108,0.0012608828509312394,0.40718940611551663,0.3616693917039375,0.1991653752071143,0.08015937408240435,0.0219827795844194,0.5887,0.21453053547786094,-0.48383733055265904,0.7603686635944701,0.5458381281166091,0.2580813347236705,0.7419186652763295,0.0005,0.2,256,None,5,None,400,None,None,0.811826515985853,0.526077113437175,0.21197898987046876,0.023402428052854706,0.0024991653650339738,0.0015452530797015697,0.0013977086915145853,0.023402428052854706,0.021927494131363103,0.0024991653650339738,0.0024410896134057086,0.21197898987046876,0.08123845222155464,0.48805445095678807,0.4331628409748576,23.07138629067461,23.120744420546927,0.6219,0.7895545314900153,0.5799769850402762,0.20957754644973914,-0.4925962487660414,0.25370187561697927,0.7462981243830207,"{'I2': -0.11791119940167817, 'I1': 0.33019862881622136}","{'I2': 0.4437220324002335, 'I1': 0.24913557066313402}","{'I2': 0.012702518500520095, 'I1': 0.023245956080489807}",0.6,BPR_50_0.6_256_1M_50
0.02995260227739483,0.028611777685502875,0.6871208572385373,0.6699833684656891,0.23345871954440617,0.26333224756275075,0.002438442043484059,0.0023519074296385212,1.1028753036407042,0.9929882532900395,0.25133706929183663,0.07931867089423168,0.03662744200794445,0.45,0.19018275857802197,-0.46521145975443384,0.6021505376344086,0.41196777905638665,0.2673942701227831,0.732605729877217,0.02080800512824907,0.02083291724750742,0.6956139031434696,0.6937004009739344,0.236187321760858,0.23702879941745925,0.0,0.0,-0.38693240744370433,-0.386445718106609,0.21377811625831217,0.12934072906883898,0.0,0.1888,0.2536153107815011,-0.17073170731707316,0.391705069124424,0.1380897583429229,0.4146341463414634,0.5853658536585366,0.030237438620897523,0.029467160563971025,0.6903846272791893,0.6835877910236041,0.23560257781823069,0.2569527622185658,0.0014318525642952303,0.0014273942272048708,0.41620234077616036,0.3742279000901057,0.198348717457091,0.08333914756703864,0.021483644587154824,0.5841,0.216444913464105,-0.48187073042564377,0.7572964669738863,0.5408515535097813,0.2590646347871781,0.7409353652128219,0.0005,0.2,256,None,5,None,400,None,None,0.8148330155345095,0.5271103155493553,0.2090346948617719,0.02413024490099383,0.002745301939204027,0.001607708060589807,0.001587143856107086,0.02413024490099383,0.023649037248147705,0.002745301939204027,0.00261706720563452,0.2090346948617719,0.08327054587807386,0.49242652639298096,0.4419815504422687,23.092092513443237,23.134379940820864,0.6262,0.7895545314900153,0.5853471423091676,0.2042073891808477,-0.49607843137254903,0.2519607843137255,0.7480392156862745,"{'I2': -0.16816017870795383, 'I1': 0.34488718687627923}","{'I1': 0.25083095535821404, 'I2': 0.43336891731522253}","{'I2': 0.014650868775969356, 'I1': 0.023689817473288258}",0.6,BPR_50_0.6_256_1M_50
0.02952806068234489,0.027994963146906453,0.68866984764905,0.6659144927788585,0.24057132801834852,0.26762523373058433,0.002134929592604536,0.002258500842022287,1.0145296738214884,0.89351197813733,0.2636429999498869,0.08224165116420817,0.03163164975590313,0.4082,0.1502053139456161,-0.48270676691729325,0.5284178187403994,0.3782125047947833,0.2586466165413534,0.7413533834586467,0.02342773892633452,0.02337356773286515,0.6928611625383365,0.6895114329472385,0.24919573646906673,0.2625199874282416,0.0006207763633506207,0.0004345434543454346,-0.3369992140931413,-0.3400190957559507,0.23087370764334508,0.12555562116264826,0.012634538751238551,0.2587,0.25638346953169333,-0.28351126927639386,0.46390168970814133,0.20751822017644803,0.3582443653618031,0.641755634638197,0.030299350964393623,0.029484842101311838,0.6878454097242624,0.6777026119452259,0.2475302827140386,0.2661645517270381,0.0014913179413179388,0.0013065816899150212,0.33586703724188094,0.2932964863874843,0.19167215686520925,0.07849707245969195,0.022937245169367293,0.5958,0.22490494397395178,-0.4796496651210716,0.7757296466973886,0.5508247027234369,0.26017516743946417,0.7398248325605358,0.0005,0.2,256,None,5,None,400,None,None,0.8207034583199421,0.5122542825908779,0.2035444457406991,0.023868364044360466,0.002767834647295983,0.0015566360142378662,0.0014170899120385686,0.023868364044360466,0.022049870843675847,0.002767834647295983,0.0026580677152231156,0.2035444457406991,0.08062087563461717,0.36799917685369116,0.31972677778235287,23.19992881008388,23.234506061643568,0.6323,0.8018433179723502,0.5899501342539317,0.21189318371841848,-0.4932038834951456,0.25339805825242717,0.7466019417475728,"{'I1': 0.3075446676073689, 'I2': -0.2441537731257827}","{'I1': 0.23892063491739401, 'I2': 0.49311572965305506}","{'I1': 0.023916760999941746, 'I2': 0.014918794224611254}",0.8,BPR_50_0.8_256_1M_50
0.02919097462800102,0.028522960963864436,0.6154576537328371,0.6102364416174795,0.31627307711076763,0.33409293979924426,0.017336504270684405,0.017814069430697597,0.8103243085953753,0.7640790368525945,0.20596676140845185,0.142941325101829,0.17706950652749123,0.3355,0.5175484648739039,-0.10704483074107962,0.7496159754224271,0.2320675105485232,0.4464775846294602,0.5535224153705398,0.04300304662634207,0.04287164650271565,0.6726188155477572,0.6719130052160417,0.2878498523442425,0.2957324458020221,0.01327953170218363,0.013603525388055766,0.14353556513210586,0.13958762632883556,0.16928662862912858,0.1431715046842417,0.14742311104918626,0.2302,0.7854146669989871,0.49066666666666664,0.858678955453149,0.07326428845416187,0.7453333333333333,0.25466666666666665,0.043335176479813886,0.04299245361358697,0.6421486637216954,0.641029516797195,0.29975646585013627,0.31113568231466104,0.021361220871327222,0.021246648091860807,0.6807839895420749,0.6658312414381576,0.162714062351724,0.12437024916380818,0.22580884640931384,0.4184,0.667379034467642,-0.09024211298606016,0.9523809523809523,0.2850019179133103,0.45487894350696995,0.5451210564930301,0.0005,0.2,256,None,5,None,400,None,None,0.2859737233164248,0.20130991794346753,0.16680094396361775,0.21056485424804441,0.021688870553308214,0.019861281986571735,0.019854907017460753,0.21056485424804441,0.2111744397553293,0.021688870553308214,0.02206120928105413,0.16680094396361775,0.12852003586919994,0.5740261596249147,0.5600698895465657,22.056541851903663,22.07471671999698,0.4819,0.9631336405529954,0.36171845032604527,0.6014151902269502,-0.20127388535031843,0.3993630573248408,0.6006369426751592,"{'I2': 0.27029424212056835, 'I1': 0.2716587368613828}","{'I1': 0.15932079353105447, 'I2': 0.5837007794145365}","{'I2': 0.03006944228881147, 'I1': 0.21008174379194877}",15.0,BPR_50_15.0_256_1M_50
0.02980942170402085,0.028555848008721466,0.6837815063985897,0.6638681244561837,0.23976418136037986,0.26737074372793074,0.0020944408613708834,0.001706528360027231,1.0303609810704568,0.9333252863882787,0.26492120027280736,0.08041524408423154,0.03186877219134665,0.4048,0.19281834267542713,-0.4480667172100076,0.5591397849462365,0.36632144227080937,0.2759666413949962,0.7240333586050038,0.024240518520956954,0.024211272853991966,0.6925579843854065,0.6899458959784603,0.25110261042825965,0.25912003166034603,0.001113861386138614,0.0008174210278170675,-0.31512359464712253,-0.31645555130747616,0.21886984242283467,0.13322567922700457,0.015435973733915531,0.2578,0.3266427325226836,-0.1952380952380952,0.5192012288786483,0.1925584963559647,0.4023809523809524,0.5976190476190476,0.03158917297592479,0.030866191083353072,0.6849147308807699,0.6765943857896792,0.24139263821199303,0.26250235487974555,0.0013258778258778226,0.001223312489979155,0.39449228305492245,0.3579285546561441,0.19857077996351638,0.0805916623236512,0.020624430406855906,0.5955,0.21569012177423774,-0.48453608247422686,0.7680491551459293,0.5523590333716916,0.25773195876288657,0.7422680412371134,0.0005,0.2,256,None,5,None,400,None,None,0.8266386205832107,0.5040258606328538,0.20898596429786784,0.022100816391142895,0.002472131140027989,0.0014315617491337895,0.0012806392845312996,0.022100816391142895,0.02109351834465343,0.002472131140027989,0.00252884606067597,0.20898596429786784,0.08232663497259979,0.4204812522006506,0.37976883860989924,23.07943516691179,23.115594545175217,0.628,0.7956989247311828,0.586114307633295,0.20958461709788778,-0.49364613880742914,0.25317693059628543,0.7468230694037146,"{'I2': -0.1768056235031885, 'I1': 0.32324065100303434}","{'I1': 0.22906102478578697, 'I2': 0.48898276806476426}","{'I2': 0.012049020405912691, 'I1': 0.023087185867873672}",0.8,BPR_50_0.8_256_1M_50
0.027213489296706916,0.026789861270669613,0.6151447853974795,0.6116908536667508,0.31554029306423753,0.33236616130226104,0.017519795447047168,0.016745206935738104,0.6807514247176303,0.6517929833780862,0.20416405008255525,0.14676821350213715,0.1782656077170765,0.3425,0.4376978676692846,-0.19175627240143367,0.6927803379416283,0.2550824702723437,0.40412186379928317,0.5958781362007168,0.04211651976569031,0.04199065970478323,0.6725322415513239,0.6716803327624669,0.28594785745444257,0.2934506893684093,0.013308164518109273,0.013724195387178817,0.11782572556867209,0.11405535771538625,0.16967583110994972,0.14427529128123204,0.152577690265743,0.2523,0.7712344821368913,0.3771289537712896,0.869431643625192,0.09819716148830072,0.6885644768856448,0.31143552311435524,0.04201080256258614,0.04171440628696405,0.6425247968483341,0.6417049956642827,0.3029655571790452,0.3133174585573404,0.021013703140830734,0.020945525160418737,0.6251272467464057,0.6122674102355959,0.1579480468004716,0.12261238677395087,0.22349687076344446,0.4435,0.6282465322889986,-0.14740484429065748,0.946236559139785,0.31799002685078637,0.42629757785467126,0.5737024221453287,0.0005,0.2,256,None,5,None,400,None,None,0.2845623530025115,0.19193584577763328,0.16302011937768587,0.20962356913219285,0.021882301331149684,0.019608208857132246,0.01956194761221253,0.20962356913219285,0.21005437578104988,0.021882301331149684,0.02258705591739989,0.16302011937768587,0.12759158544112445,0.5215482027302275,0.5099165458689138,22.153863085475926,22.1696267600564,0.5129,0.9646697388632872,0.4000767165324127,0.5645930223308745,-0.24835427887492517,0.3758228605625374,0.6241771394374626,"{'I2': 0.22717893534017577, 'I1': 0.25151690588879216}","{'I1': 0.16156686790345873, 'I2': 0.5593769441253187}","{'I2': 0.03141255335087594, 'I1': 0.21020981855738963}",15.0,BPR_50_15.0_256_1M_50
0.028796297497589725,0.028443095106351964,0.6049485557907773,0.5976632988272207,0.32291972075976166,0.3408805600072924,0.01727171083984015,0.018458704497965456,0.7835550583007256,0.7599284639832136,0.19839056524996432,0.13847343274434423,0.17425421127448837,0.3386,0.5098732763085561,-0.11876699909338173,0.7465437788018433,0.2366705024932873,0.44061650045330913,0.5593834995466909,0.04336098576241462,0.04332148262873629,0.6702694292934164,0.6698111562568385,0.28996556699472803,0.2966187920414919,0.014150092081031303,0.014351354906603516,0.1541093896821832,0.1530002627204416,0.16168228511928062,0.13772085591351618,0.15811587039183478,0.2271,0.7988488984814016,0.5243243243243243,0.8663594470046083,0.06751054852320675,0.7621621621621621,0.23783783783783785,0.043147182812017744,0.042802748518181874,0.6351764518210129,0.6341991599473519,0.30912630831584526,0.31913257039392173,0.022422391084093173,0.022273100303951333,0.6726763597901642,0.6576835979667214,0.1463001602625065,0.11254451427568266,0.23359051895739727,0.4217,0.6804367539361414,-0.08442503639010185,0.9662058371735791,0.28576908323743766,0.45778748180494905,0.5422125181950509,0.0005,0.2,256,None,5,None,400,None,None,0.28098699476398126,0.19472161997640197,0.1523412282245717,0.21802291740414562,0.023020505911190127,0.020813137168304387,0.020812217069669802,0.21802291740414562,0.2197536584256509,0.023020505911190127,0.023363373972204147,0.1523412282245717,0.11817747401055673,0.5690423547911818,0.5565887315453306,22.062950243591292,22.079977027767345,0.4929,0.9754224270353302,0.3724587648638282,0.602963662171502,-0.20921544209215437,0.3953922789539228,0.6046077210460772,"{'I1': 0.2702293194310911, 'I2': 0.3113081708423181}","{'I1': 0.1487210247306428, 'I2': 0.5090488705215925}","{'I1': 0.21764707979379175, 'I2': 0.03064691293302392}",20.0,BPR_50_20.0_256_1M_50
0.028149522821682503,0.027664696694551256,0.6139965709250853,0.6107720947604703,0.3126623311265681,0.3300597859203782,0.018783496462480287,0.0208113383921698,0.7425888485167115,0.7100443566686022,0.22364468715799335,0.1588721363128684,0.1796135919929151,0.3425,0.47993084906110633,-0.15232974910394265,0.7265745007680492,0.24664365170694286,0.42383512544802865,0.5761648745519713,0.042647607600504886,0.04256859299569795,0.6700416789945839,0.6692928307405559,0.28959600613540704,0.2965983801908846,0.01382171358414451,0.01401223362273086,0.13308023185145754,0.13065199059895838,0.16475774830338452,0.1414138657236019,0.1536627659226044,0.2409,0.777748316743825,0.43184713375796174,0.8632872503840245,0.08553893364019946,0.7159235668789808,0.2840764331210191,0.04269565167129995,0.042452439255986914,0.6409000623000233,0.6401536226587047,0.30280866195784073,0.3133429399583497,0.022745677136102597,0.02229657210401886,0.6534796315312376,0.6430023517287773,0.16153570324726993,0.1256195452592056,0.23575050932708022,0.426,0.6539501059713391,-0.10951008645533139,0.9493087557603687,0.29535864978902954,0.4452449567723343,0.5547550432276657,0.0005,0.2,256,None,5,None,400,None,None,0.28403847242325514,0.19457847577124673,0.16647262620340225,0.21942114646077612,0.02242172260191523,0.021123979347728836,0.020948371951187355,0.21942114646077612,0.22015984911177952,0.02242172260191523,0.02299561187165811,0.16647262620340225,0.13037148827784,0.5485583418967819,0.5388439984709709,22.102671231024413,22.117220668215726,0.4932,0.967741935483871,0.3747602608362102,0.5929816746476608,-0.21593030491599258,0.39203484754200374,0.6079651524579963,"{'I2': 0.2473191913401188, 'I1': 0.2604780728670463}","{'I1': 0.16116561511123606, 'I2': 0.5639522964858613}","{'I2': 0.0312548763121242, 'I1': 0.21962573237192104}",30.0,BPR_50_30.0_256_1M_50
0.02752150200750938,0.02710700459231902,0.6175248703743034,0.6110702760743473,0.3207400258000621,0.3373218197024757,0.019013435243227378,0.020379962608600012,0.6994484497584158,0.6711512107902994,0.19340248806644256,0.13651285708004776,0.19318920254809896,0.3475,0.46803448355102084,-0.16961130742049474,0.7219662058371735,0.2539317222861527,0.41519434628975266,0.5848056537102474,0.04273574154362228,0.0426174112595512,0.6752675748022561,0.6744328510359027,0.28391107578284885,0.29121261339432886,0.013551653073752515,0.013604665438919576,0.13587766578937632,0.1322636267537406,0.1721417439822047,0.14780470574329843,0.15588014467438066,0.2339,0.7712132701924455,0.4540682414698163,0.8509984639016898,0.07978519370924435,0.7270341207349081,0.27296587926509186,0.04243320997668438,0.04214504963202526,0.6448090647500402,0.6439723884667129,0.3003617301953291,0.3110861291775278,0.02206442924687602,0.021819199594731435,0.6425269616337511,0.6300561730656727,0.1630431722628204,0.1263648615593042,0.2305223480905472,0.4454,0.624025355344261,-0.1523087525844245,0.9447004608294931,0.3206751054852321,0.4238456237077877,0.5761543762922122,0.0005,0.2,256,None,5,None,400,None,None,0.285505632884765,0.19473565429781747,0.1665840452586818,0.2166574182940068,0.022837854134459684,0.020569705358128618,0.020484760537758138,0.2166574182940068,0.21683718769509414,0.022837854134459684,0.023132404430652908,0.1665840452586818,0.13030609061644177,0.5391379785253401,0.5278581047094469,22.119698104558438,22.134503410186806,0.5061,0.9615975422427036,0.3924050632911392,0.5691924789515643,-0.2407519708914494,0.3796240145542753,0.6203759854457247,"{'I1': 0.2545997077318868, 'I2': 0.2626822157758438}","{'I1': 0.16469198008271152, 'I2': 0.5472327787182277}","{'I1': 0.21663763572282638, 'I2': 0.030738817381816788}",40.0,BPR_50_40.0_256_1M_50
